Setor	Subsetor	Produto	Especificação NCM	Quantidade (Kg) - jan./2021	Valor (US$) - jan./2021	Quantidade (Kg) - fev./2021	Valor (US$) - fev./2021	Quantidade (Kg) - mar./2021	Valor (US$) - mar./2021	Quantidade (Kg) - abr./2021	Valor (US$) - abr./2021	Quantidade (Kg) - mai./2021	Valor (US$) - mai./2021	Quantidade (Kg) - jun./2021	Valor (US$) - jun./2021	Quantidade (Kg) - jul./2021	Valor (US$) - jul./2021	Quantidade (Kg) - ago./2021	Valor (US$) - ago./2021	Quantidade (Kg) - set./2021	Valor (US$) - set./2021	Quantidade (Kg) - out./2021	Valor (US$) - out./2021	Quantidade (Kg) - nov./2021	Valor (US$) - nov./2021	Quantidade (Kg) - dez./2021	Valor (US$) - dez./2021	Quantidade (Kg) - jan./2022	Valor (US$) - jan./2022
CAFÉ	CAFÉ VERDE E CAFÉ TORRADO	CAFÉ TORRADO	09012100 - CAFE TORRADO,NAO DESCAFEINADO	445.633	1.852.048	723.659	2.390.054	544.891	2.297.905	368.960	1.766.545	514.211	2.389.724	614.258	2.706.935	457.434	2.371.298	498.670	2.806.313	394.395	2.333.452	306.939	2.166.216	288.137	2.442.294	342.411	2.730.025	261.399	1.768.298
CAFÉ	CAFÉ VERDE E CAFÉ TORRADO	CAFÉ TORRADO	09012200 - CAFE TORRADO,DESCAFEINADO	3.816	31.666	1.238	11.068	1.520	9.430	2.646	16.616	2.835	29.881	1.725	11.655	2.522	16.848	1.201	11.322	2.277	21.114	2.003	18.587	988	7.657	2.668	24.549	73	1.061
CAFÉ	CAFÉ VERDE E CAFÉ TORRADO	CAFÉ VERDE	09011110 - CAFE NAO TORRADO,NAO DESCAFEINADO,EM GRAO	221.965.485	466.534.434	191.071.095	413.439.733	241.586.366	535.786.005	207.151.549	464.836.986	190.099.182	432.740.284	174.256.268	408.235.998	142.861.626	334.840.426	172.421.668	428.698.610	169.587.727	470.263.860	188.709.950	557.836.003	175.084.878	570.328.764	207.639.849	720.026.763	178.050.994	659.388.773
CAFÉ	CAFÉ VERDE E CAFÉ TORRADO	CAFÉ VERDE	09011190 - CAFE NAO TORRADO,NAO DESCAFEINADO,EXCETO EM GRAO	852	5.579	26.820	96.155	19.534	55.545	18.531	86.229	19.134	60.029	40.860	79.129	53.250	112.439	2.859	13.426	188	1.913	133.099	502.133	19.534	87.963	691	4.408	397	3.341
CAFÉ	CAFÉ VERDE E CAFÉ TORRADO	CAFÉ VERDE	09011200 - CAFE NAO TORRADO,DESCAFEINADO			1.500	9.150	6	665			1	13							504	2.241	4	35			30	338		
CAFÉ	EXTRATOS DE CAFÉ E SUCEDÂNEOS DO CAFÉ	CAFÉ SOLÚVEL	21011110 - CAFE SOLUVEL,MESMO DESCAFEINADO	7.325.210	39.487.153	6.416.314	35.494.792	7.063.882	37.641.673	7.637.401	41.581.816	6.456.125	35.339.750	6.841.104	39.126.129	5.707.248	32.791.438	7.612.045	41.356.512	7.867.584	43.943.388	7.528.938	43.029.327	6.875.300	40.667.812	10.867.012	62.336.533	8.533.205	54.104.629
CAFÉ	EXTRATOS DE CAFÉ E SUCEDÂNEOS DO CAFÉ	EXTRATOS, ESSÊNCIAS E CONCENTRADOS DE CAFÉ	21011190 - OUTROS EXTRATOS,ESSENCIAS E CONCENTRADOS,DE CAFE	62.065	353.792	105.309	359.367	438.308	1.688.737	181.108	1.082.095	183.092	1.122.128	261.866	1.287.541	196.340	1.299.854	621.803	2.760.982	218.948	1.079.559	193.854	1.228.273	353.730	1.798.404	118.516	1.276.180	202.566	1.541.868
CAFÉ	EXTRATOS DE CAFÉ E SUCEDÂNEOS DO CAFÉ	EXTRATOS, ESSÊNCIAS E CONCENTRADOS DE CAFÉ	21011200 - PREPARS.A BASE DE EXTRATOS,ESSENCIAS,CONCENTRAD.DE CAFE	403.458	1.610.094	595.302	2.075.274	521.760	2.185.452	598.711	2.294.006	713.463	2.879.777	819.239	3.010.742	709.381	2.972.736	911.129	3.673.378	502.562	2.166.945	455.658	2.268.201	541.876	2.561.778	924.665	4.388.169	605.951	2.733.497
CAFÉ	EXTRATOS DE CAFÉ E SUCEDÂNEOS DO CAFÉ	RESÍDUOS DO CAFÉ	09019000 - CASCAS,PELICULAS DE CAFE E SUCEDANEOS DO CAFE	3.412	9.455	150	1.672	360	4.288	321	2.109	29.145	63.904	425	2.833	990	2.182	1.566	8.453	325	1.879	354	1.876	697	7.020	512	2.477	620	3.189
CEREAIS, FARINHAS E PREPARAÇÕES	CEREAIS	ARROZ	10061091 - ARROZ ('PADDY') COM CASCA,PARBOILIZADO (ESTUFADO)	25	40	65	147	276	916	130	336	500	1.190	1.000	1.927	544	1.821	910	2.841	500	908	60	82			25	23	270	507
CEREAIS, FARINHAS E PREPARAÇÕES	CEREAIS	ARROZ	10061092 - ARROZ ('PADDY') COM CASCA,NAO PARBOILIZADO (N/ESTUFADO)	4.446	7.557	1.987	3.077	4.057.541	1.182.819	28.349.269	9.580.953	28.853.866	10.435.292	7.136	10.533	14.587.999	4.643.693	31.363.856	9.604.256	34.020.157	11.042.425	32.558.575	9.892.697	159.825	69.945	60.700.819	15.893.435	24.521.878	6.231.693
CEREAIS, FARINHAS E PREPARAÇÕES	CEREAIS	ARROZ	10062010 - ARROZ ('CARGO' OU CASTANHO),DESCASCADO,PARBOILIZADO	8.690	5.998	84.352	53.698	92.301	54.969	49.866	31.726	55.036	39.444	89.936	59.485	53.733	37.371	28.676	23.434	17.202	16.478	2.100	3.193	45.071	30.790	22.873	16.920	8.467	10.568
CEREAIS, FARINHAS E PREPARAÇÕES	CEREAIS	ARROZ	10062020 - ARROZ ('CARGO' OU CASTANHO),DESCASCADO,NAO PARBOILIZADO	22.448	15.366	142.339	86.433	58.462	33.633	236.921	129.946	163.444	95.168	29.449	35.429	11.942.575	5.498.248	123.678	81.722	7.200	7.860	3.560	3.723	86.049	70.666	119.918	101.801	28.399.452	11.685.427
CEREAIS, FARINHAS E PREPARAÇÕES	CEREAIS	ARROZ	10063011 - ARROZ SEMIBRANQUEADO,ETC.PARBOILIZADO,POLIDO OU BRUNIDO	4.631.240	3.069.892	4.292.502	2.727.356	6.076.066	3.943.003	6.318.597	6.864.995	6.661.837	6.117.606	4.543.150	2.775.700	3.227.085	1.919.386	5.670.123	3.258.000	1.357.231	825.724	4.939.355	3.117.062	2.760.923	1.563.378	3.172.917	1.755.721	7.553.517	4.295.033
CEREAIS, FARINHAS E PREPARAÇÕES	CEREAIS	ARROZ	10063019 - OUTROS TIPOS DE ARROZ SEMIBRANQUEADO,ETC.PARBOILIZADO	21.369	7.476	31.654	13.866	19.077	8.342	45.907	22.204	32.059	8.716	37.449	12.534	28.431	9.260	17.836	6.481	24.453	7.244	25.240	8.122	64.631	27.456	22.021	7.077	19.463	4.709
CEREAIS, FARINHAS E PREPARAÇÕES	CEREAIS	ARROZ	10063021 - ARROZ SEMIBRANQUEADO,ETC.N/PARBOILIZADO,POLIDO,BRUNIDO	9.516.414	6.257.744	9.027.275	5.890.113	15.928.523	9.793.825	16.916.580	10.317.748	15.483.975	9.940.322	14.325.072	8.893.856	17.015.560	9.132.685	21.488.450	11.378.098	35.452.455	18.481.497	40.511.048	20.755.212	14.640.912	8.062.051	6.483.882	3.589.485	29.794.775	15.757.420
CEREAIS, FARINHAS E PREPARAÇÕES	CEREAIS	ARROZ	10063029 - OUTROS TIPOS DE ARROZ SEMIBRANQUEADO,ETC.N/PARBOILIZADO	6.021	10.144	47.692	83.256	13.871	13.717	58.235	62.571	5.430	11.301	4.800	10.122	5.534	9.668	5.962	10.968	8.234	15.730	4.795	8.965	26.178	46.526	6.636	13.363	6.293	9.933
CEREAIS, FARINHAS E PREPARAÇÕES	CEREAIS	ARROZ	10064000 - ARROZ QUEBRADO (TRINCA DE ARROZ)	316.562	112.541	42.137.524	13.924.753	46.057.783	16.206.381	32.691.887	11.872.737	17.087.471	6.007.537	28.720.273	10.507.356	25.035.703	8.924.620	29.276.545	10.321.157	28.553.698	10.579.303	26.170.784	9.239.127	207.864	69.885	58.906.204	21.347.343	17.621.470	6.565.234
CEREAIS, FARINHAS E PREPARAÇÕES	CEREAIS	AVEIA	10049000 - AVEIA, EXCETO PARA SEMEADURA	21	88	7	37	5	38	25.025	17.585	56.014	10.602	8	25	147.080	71.523	112.033	22.651	25.026	17.117	112.005	23.758	193.003	44.551	276.518	59.272	139.510	30.017
CEREAIS, FARINHAS E PREPARAÇÕES	CEREAIS	CENTEIO	10029000 - CENTEIO, EXCETO PARA SEMEADURA	25	32	24	130	28.004	10.009	70	89	6	29	10	39			5	20			18	73	12	56			40	146
CEREAIS, FARINHAS E PREPARAÇÕES	CEREAIS	CEVADA	10039080 - OUTRAS CEVADAS, EM GRAO	6	31	5	11	11	24	41	73	35	95	3	7	7	16	2	5			18	47	172	401	36	93	33	77
CEREAIS, FARINHAS E PREPARAÇÕES	CEREAIS	CEVADA	10039090 - OUTRAS CEVADAS, EXCETO EM GRAO			10	28							28	97	10	28	705	206	2	9			2	7			10	26
CEREAIS, FARINHAS E PREPARAÇÕES	CEREAIS	DEMAIS CEREAIS	10082110 - MILHETO (PENNISETUM GLAUCUM), PARA SEMEADURA			17.000	36.604											50.000	112.500	38	78			15	83				
CEREAIS, FARINHAS E PREPARAÇÕES	CEREAIS	DEMAIS CEREAIS	10085090 - QUINOA (CHENOPODIUM QUINOA), EXCETO PARA SEMEADURA					7	46	10	53			99	664	17	146	10	12	2	19	8	34	60	336	9	95	101	656
CEREAIS, FARINHAS E PREPARAÇÕES	CEREAIS	DEMAIS CEREAIS	10089090 - OUTROS CEREAIS,EXCETO PARA SEMEADURA	63	198	7.087	22.821	519	1.147	4.802	15.361	835	1.008	3.184	8.653	1.516	1.942	373	926	3.239	7.054	1.284	1.649	78	189	7.269	23.035	374	818
CEREAIS, FARINHAS E PREPARAÇÕES	CEREAIS	MILHO	10059010 - MILHO EM GRAO,EXCETO PARA SEMEADURA	2.344.662.043	454.235.204	775.054.623	162.626.289	289.202.359	66.890.964	128.914.443	27.207.932	13.019.636	2.962.071	90.584.027	18.558.033	1.990.061.416	398.689.711	4.334.875.566	830.167.543	2.849.347.554	531.924.568	1.791.306.924	364.204.382	2.383.980.756	485.767.392	3.407.137.854	753.357.043	2.730.631.949	665.278.346
CEREAIS, FARINHAS E PREPARAÇÕES	CEREAIS	MILHO	10059090 - MILHO,EXCETO EM GRAO	104.578	56.714	105.729	55.522	196.738	50.545	3.281	2.917	509.023	240.058	462.437	258.947	75.355	36.877	8.292	7.736	30.777	25.439	231.925	62.602	333.023	207.167	79.558	61.065	765.513	404.334
CEREAIS, FARINHAS E PREPARAÇÕES	CEREAIS	PAINÇO	10082990 - OUTROS PAINCOS, EXCETO PARA SEMEADURA																					29.500	9.060	5	40		
CEREAIS, FARINHAS E PREPARAÇÕES	CEREAIS	SORGO	10079000 - SORGO DE GRAO, EXCETO PARA SEMEADURA																	26.352	12.270								
CEREAIS, FARINHAS E PREPARAÇÕES	CEREAIS	TRIGO	10011900 - TRIGO DURO, EXCETO PARA SEMEADURA					5	19			10	21											10	60				
CEREAIS, FARINHAS E PREPARAÇÕES	CEREAIS	TRIGO	10019900 - OUT.TRIGOS E MISTURAS DE TRIGO C/CENTEIO, EXC.P/ SEMEAD	401.085.004	86.398.341	121.330.836	23.961.594	45.341.508	12.231.289							2	4	21.014.760	4.013.821	15	115			18	107	540.515.150	157.392.532	586.392.995	172.826.293
CEREAIS, FARINHAS E PREPARAÇÕES	CEREAIS	TRIGO MOURISCO	10081090 - TRIGO MOURISCO,EXCETO PARA SEMEADURA	210.411	96.011	132.517	68.857	161	1.053	80	281	80	497	81	442	262.951	150.380	1.210.861	691.145	264.522	156.994	237.493	143.427	106.937	62.217	211.584	121.272	243	1.499
CEREAIS, FARINHAS E PREPARAÇÕES	PREPARAÇÕES A BASE DE CEREAIS	MASSAS ALIMENTÍCIAS	19021100 - MASSAS ALIMENTICIAS,CONT.OVOS,N/COZIDAS,N/RECHEADAS,ETC	52.035	57.722	101.638	117.339	128.825	99.267	1.349.787	916.299	460.970	388.970	170.484	173.449	86.237	106.477	359.055	290.160	76.161	80.583	145.385	124.281	106.660	114.773	94.075	110.461	125.222	149.035
CEREAIS, FARINHAS E PREPARAÇÕES	PREPARAÇÕES A BASE DE CEREAIS	MASSAS ALIMENTÍCIAS	19021900 - OUTRAS MASSAS ALIMENTICIAS,NAO COZIDAS,NAO RECHEAD.ETC.	451.494	292.207	203.194	176.933	394.430	272.148	471.446	328.911	1.544.500	834.959	2.051.179	1.159.487	1.964.414	1.118.362	556.548	427.042	472.104	367.456	396.992	374.755	448.019	399.402	1.405.379	929.196	109.032	105.816
CEREAIS, FARINHAS E PREPARAÇÕES	PREPARAÇÕES A BASE DE CEREAIS	MASSAS ALIMENTÍCIAS	19022000 - MASSAS ALIMENT.RECHEADAS,INCL.COZIDAS,PREPARS.OUT.MODO	33.157	70.911	1.960	6.170	131.998	294.579	43.189	106.298	87.590	185.920	54.772	126.986	64.837	164.980	123.417	290.398	76.986	181.576	28.919	66.437	125.010	259.566	121.226	254.430	47.060	98.588
CEREAIS, FARINHAS E PREPARAÇÕES	PREPARAÇÕES A BASE DE CEREAIS	MASSAS ALIMENTÍCIAS	19023000 - OUTRAS MASSAS ALIMENTICIAS	144.009	286.432	159.031	288.991	270.033	508.462	231.879	439.978	334.454	658.189	306.511	724.805	262.998	537.802	380.310	790.401	274.187	599.540	306.320	568.498	225.028	426.993	245.059	534.954	219.846	504.017
CEREAIS, FARINHAS E PREPARAÇÕES	PREPARAÇÕES A BASE DE CEREAIS	MASSAS ALIMENTÍCIAS	19024000 - COUSCOUS	20	41	377	199	689	303			13	68	30	134	2	12	25	194	6	9	250	281	13	19			251	269
CEREAIS, FARINHAS E PREPARAÇÕES	PREPARAÇÕES A BASE DE CEREAIS	OUTRAS PREPARAÇÕES ALIMENTÍCIAS A BASE DE CEREAIS	19012000 - MISTURAS E PASTAS,P/PREPAR.PRODS.PADARIA,PASTELARIA,ETC	6.278.572	4.354.410	5.657.592	4.131.542	9.145.580	6.394.435	5.423.126	3.806.201	10.167.152	6.721.442	5.797.130	4.797.924	8.191.039	5.738.683	10.305.717	7.111.689	8.746.860	6.427.811	8.376.757	5.942.160	9.197.336	6.403.927	10.029.347	6.224.545	8.124.980	4.714.420
CEREAIS, FARINHAS E PREPARAÇÕES	PREPARAÇÕES A BASE DE CEREAIS	OUTRAS PREPARAÇÕES ALIMENTÍCIAS A BASE DE CEREAIS	19019090 - OUTRAS PREPARACOES ALIMENT.DE FARINHAS,ETC.CACAU<40%	1.146.121	2.532.947	1.311.378	3.319.728	2.544.084	7.958.577	1.934.402	4.583.325	2.710.608	8.058.290	2.930.130	9.331.106	1.667.552	4.146.853	2.637.597	7.220.784	2.657.087	8.129.816	2.044.721	5.797.186	3.398.777	9.268.366	3.335.259	9.280.372	3.165.442	8.533.974
CEREAIS, FARINHAS E PREPARAÇÕES	PREPARAÇÕES A BASE DE CEREAIS	OUTRAS PREPARAÇÕES ALIMENTÍCIAS A BASE DE CEREAIS	19041000 - PRODS.A BASE DE CEREAIS,OBTIDOS POR EXPANSAO,TORREFACAO	449.793	873.287	393.545	954.787	672.705	1.412.875	357.240	734.640	474.117	1.044.792	542.329	1.048.495	452.801	911.999	472.225	880.280	542.938	979.267	656.300	1.381.091	524.568	1.198.353	569.816	1.330.550	240.642	543.155
CEREAIS, FARINHAS E PREPARAÇÕES	PREPARAÇÕES A BASE DE CEREAIS	OUTRAS PREPARAÇÕES ALIMENTÍCIAS A BASE DE CEREAIS	19042000 - PREPARS.ALIMENT.OBTIDAS DE FLOCOS DE CEREAIS E MISTURAS	37.134	134.733	65.775	190.515	51.514	141.691	27.566	80.089	29.197	115.338	21.288	71.735	17.212	38.474	32.925	96.752	19.139	57.252	11.059	43.745	33.101	110.991	38.104	94.291	25.706	94.480
CEREAIS, FARINHAS E PREPARAÇÕES	PREPARAÇÕES A BASE DE CEREAIS	OUTRAS PREPARAÇÕES ALIMENTÍCIAS A BASE DE CEREAIS	19043000 - TRIGO BURGOL ('BULGUR')	4.370	3.349	6.598	6.488	6.048	4.964	6.993	7.863	4.870	4.150	7.114	7.250	5.595	6.501	418	757	2.568	2.749	3.616	4.262	5.685	5.560	5.082	6.280	7.086	7.809
CEREAIS, FARINHAS E PREPARAÇÕES	PREPARAÇÕES A BASE DE CEREAIS	OUTRAS PREPARAÇÕES ALIMENTÍCIAS A BASE DE CEREAIS	19049000 - OUTROS CEREAIS EM GRAOS,PRE-COZIDOS,PREPARS.DE OUT.MODO	86.356	216.408	61.563	164.859	253.337	753.389	303.958	779.289	361.350	958.961	356.928	972.163	691.137	1.954.824	387.016	1.233.206	610.140	2.010.186	635.083	2.001.454	730.243	2.086.346	190.415	547.319	542.429	1.516.744
CEREAIS, FARINHAS E PREPARAÇÕES	PREPARAÇÕES A BASE DE CEREAIS	PÃES, BISCOITOS E PRODUTOS DE PASTELARIA	19051000 - PAO DENOMINADO 'KNACKEBROT'	27	79	51	121	18	51			11	30	60	167	45	128	69	191	29	77	60	126	27	69	51	137	45	134
CEREAIS, FARINHAS E PREPARAÇÕES	PREPARAÇÕES A BASE DE CEREAIS	PÃES, BISCOITOS E PRODUTOS DE PASTELARIA	19052010 - PANETONE	2.219	12.745	7.611	38.006	2.026	7.268	6.381	24.156	14.325	46.845	55.799	178.710	473.544	1.533.723	1.720.881	5.347.548	1.581.937	5.123.699	2.138.887	6.425.787	614.412	1.799.337	42.921	140.365	1.588	8.294
CEREAIS, FARINHAS E PREPARAÇÕES	PREPARAÇÕES A BASE DE CEREAIS	PÃES, BISCOITOS E PRODUTOS DE PASTELARIA	19052090 - OUTROS PAES DE ESPECIARIAS	57.633	147.800	72.446	182.259	78.147	194.706	53.429	155.742	64.476	218.036	59.472	183.520	95.063	279.716	75.998	243.172	68.450	201.141	184.915	456.334	150.897	366.881	112.390	294.524	87.505	236.109
CEREAIS, FARINHAS E PREPARAÇÕES	PREPARAÇÕES A BASE DE CEREAIS	PÃES, BISCOITOS E PRODUTOS DE PASTELARIA	19053100 - BOLACHAS E BISCOITOS ADICION.DE EDULCORANTES	2.481.036	3.162.907	2.664.207	3.135.587	3.225.289	3.878.038	3.990.490	5.025.125	3.296.365	4.500.498	3.842.760	5.346.285	3.625.061	4.860.748	3.917.353	5.880.131	4.160.896	6.061.922	4.318.535	6.347.616	3.880.970	5.551.648	4.695.600	6.356.017	3.327.279	4.637.528
CEREAIS, FARINHAS E PREPARAÇÕES	PREPARAÇÕES A BASE DE CEREAIS	PÃES, BISCOITOS E PRODUTOS DE PASTELARIA	19054000 - TORRADAS,PAO TORRADO E PRODUTOS SEMELHANTES TORRADOS	68.678	165.224	88.197	169.380	125.799	252.714	133.207	265.314	130.569	247.969	201.526	438.478	117.989	273.243	137.482	306.123	98.086	218.056	147.861	307.497	234.663	438.646	210.363	423.261	109.182	255.863
CEREAIS, FARINHAS E PREPARAÇÕES	PREPARAÇÕES A BASE DE CEREAIS	PÃES, BISCOITOS E PRODUTOS DE PASTELARIA	19059010 - PAO DE FORMA	107.443	158.812	158.366	231.974	111.440	175.939	151.558	223.242	178.288	263.217	241.732	351.549	140.587	210.423	189.383	284.693	198.081	299.076	214.517	327.062	337.467	516.889	384.680	564.124	156.623	247.648
CEREAIS, FARINHAS E PREPARAÇÕES	PREPARAÇÕES A BASE DE CEREAIS	PÃES, BISCOITOS E PRODUTOS DE PASTELARIA	19059020 - BOLACHAS	178.502	254.760	149.693	195.705	238.108	332.820	152.667	234.796	184.457	228.059	255.189	344.775	204.521	283.472	279.072	441.552	326.929	580.953	149.521	216.374	295.133	499.393	320.208	564.448	242.400	362.441
CEREAIS, FARINHAS E PREPARAÇÕES	PREPARAÇÕES A BASE DE CEREAIS	PÃES, BISCOITOS E PRODUTOS DE PASTELARIA	19059090 - OUTROS PRODS.DE PADARIA,PASTELARIA,IND.DE BISCOITOS,ETC	284.066	606.765	205.813	551.098	348.338	878.361	483.807	1.150.151	429.994	1.020.665	308.125	820.090	307.327	838.612	455.233	1.108.745	530.748	1.287.735	674.836	1.738.879	740.158	1.848.851	684.141	1.765.778	395.819	1.067.235
CEREAIS, FARINHAS E PREPARAÇÕES	PREPARAÇÕES A BASE DE CEREAIS	PREPARAÇÕES PARA ALIMENTAÇÃO INFANTIL	19011020 - FARINHA LACTEA,PARA ALIMENTACAO DE CRIANCAS	2.075	9.153	8.278	32.825	26.195	90.055	1.887	3.737	26.768	94.278	14.719	53.698	8.401	28.141	24.971	86.586	3.254	14.161	4.055	17.586	1.577	5.744	22.447	51.389	5.802	24.255
CEREAIS, FARINHAS E PREPARAÇÕES	PREPARAÇÕES A BASE DE CEREAIS	PREPARAÇÕES PARA ALIMENTAÇÃO INFANTIL	19011030 - PREPARS.A BASE FARINHA,SEMOLA,AMIDO,P/ALIM.DE CRIANCAS	2.348	7.348	5.502	13.894	1.105	3.125	25.079	49.366	10.684	26.200	13.149	30.331	12.087	28.358	16.213	41.861	18.752	37.998	13.030	35.958	8.853	28.407	15.670	35.942	10.137	26.202
CEREAIS, FARINHAS E PREPARAÇÕES	PREPARAÇÕES A BASE DE CEREAIS	PREPARAÇÕES PARA ALIMENTAÇÃO INFANTIL	19011090 - OUTRAS PREPARACOES PARA ALIMENTACAO DE CRIANCAS	356.195	915.567	558.041	1.552.336	880.486	2.371.462	667.772	1.968.463	591.423	1.539.484	766.838	1.910.148	526.780	1.360.786	406.730	1.006.338	958.487	2.434.254	1.099.430	2.792.269	925.705	2.475.510	1.222.276	3.171.631	265.869	760.964
CEREAIS, FARINHAS E PREPARAÇÕES	PREPARAÇÕES A BASE DE CEREAIS	WAFFLES E 'WAFERS'	19053200 - 'WAFFLES' E 'WAFERS'	1.268.426	2.869.072	1.656.800	3.567.375	1.406.934	2.848.777	1.701.634	3.677.035	1.729.514	4.102.314	2.126.566	5.197.318	1.762.083	3.864.092	2.193.461	5.293.625	1.753.558	4.455.444	1.913.308	4.487.808	2.015.529	4.740.374	2.580.809	6.152.955	1.607.414	3.642.791
CEREAIS, FARINHAS E PREPARAÇÕES	PRODUTOS E SUBPRODUTOS DA INDÚSTRIA DE MOAGEM	AMIDO DE MILHO	11081200 - AMIDO DE MILHO	7.602.717	2.724.848	4.968.667	1.776.833	4.215.210	1.732.421	5.198.632	2.116.423	5.664.441	2.602.673	3.583.591	1.795.745	4.269.550	1.994.170	6.509.622	2.858.464	4.905.573	2.375.769	3.834.081	2.036.415	6.237.487	3.185.710	6.966.765	3.306.103	6.444.659	3.288.359
CEREAIS, FARINHAS E PREPARAÇÕES	PRODUTOS E SUBPRODUTOS DA INDÚSTRIA DE MOAGEM	AMIDO DE TRIGO	11081100 - AMIDO DE TRIGO							5	8			5	9											2	10		
CEREAIS, FARINHAS E PREPARAÇÕES	PRODUTOS E SUBPRODUTOS DA INDÚSTRIA DE MOAGEM	AVEIA EM FLOCOS OU ELABORADOS DE OUTRO MODO	11041200 - GRAOS DE AVEIA,ESMAGADOS OU EM FLOCOS	211.528	164.140	123.934	101.127	198.224	160.232	145.719	121.860	46.732	67.129	53.645	54.698	86.966	85.549	30.510	27.821	31.456	38.905	46.084	48.172	49.454	54.334	40.783	56.308	44.138	47.284
CEREAIS, FARINHAS E PREPARAÇÕES	PRODUTOS E SUBPRODUTOS DA INDÚSTRIA DE MOAGEM	AVEIA EM FLOCOS OU ELABORADOS DE OUTRO MODO	11042200 - GRAOS DE AVEIA,DESCASCADOS,EM PEROLAS,CORTADOS,ETC.	112.039	49.928	33	107	28.425	14.429	21.320	13.169	391	417	429	371	28.125	13.140	28.237	7.084	54	199	13	48	60	199	74	222	124	168
CEREAIS, FARINHAS E PREPARAÇÕES	PRODUTOS E SUBPRODUTOS DA INDÚSTRIA DE MOAGEM	DEMAIS PRODUTOS E SUBPRODUTOS DA INDÚSTRIA DE MOAGEM	11029000 - FARINHA DE OUTROS CEREAIS	38.268	38.221	21.396	24.246	60.346	47.442	15.231	12.597	25.048	17.889	11.543	15.824	21.061	20.744	37.437	25.587	2.876	4.108	30.504	21.926	19.178	21.312	17.631	20.359	1.603	2.037
CEREAIS, FARINHAS E PREPARAÇÕES	PRODUTOS E SUBPRODUTOS DA INDÚSTRIA DE MOAGEM	DEMAIS PRODUTOS E SUBPRODUTOS DA INDÚSTRIA DE MOAGEM	11031900 - GRUMOS E SEMOLAS,DE OUTROS CEREAIS			24	773									3	122					25	862					13	482
CEREAIS, FARINHAS E PREPARAÇÕES	PRODUTOS E SUBPRODUTOS DA INDÚSTRIA DE MOAGEM	DEMAIS PRODUTOS E SUBPRODUTOS DA INDÚSTRIA DE MOAGEM	11041900 - GRAOS DE OUTROS CEREAIS,ESMAGADOS OU EM FLOCOS	85.607	84.858	56.670	55.669	97.904	86.468	57.678	60.758	123.654	99.940	57.840	52.004	56.406	55.083	57.381	52.592	51.950	54.083	55.096	57.136	65.244	63.417	54.518	55.808	48.937	49.881
CEREAIS, FARINHAS E PREPARAÇÕES	PRODUTOS E SUBPRODUTOS DA INDÚSTRIA DE MOAGEM	DEMAIS PRODUTOS E SUBPRODUTOS DA INDÚSTRIA DE MOAGEM	11042300 - GRAOS DE MILHO,DESCASCADOS,EM PEROLAS,CORTADOS,ETC.	1.900.784	756.779	1.057.360	426.132	754.069	379.758	1.014.889	500.935	602.639	312.589	1.156.202	579.936	490.433	273.716	206.759	137.963	937.367	478.406	267.458	212.035	115.807	89.233	172.159	121.552	670.857	395.206
CEREAIS, FARINHAS E PREPARAÇÕES	PRODUTOS E SUBPRODUTOS DA INDÚSTRIA DE MOAGEM	DEMAIS PRODUTOS E SUBPRODUTOS DA INDÚSTRIA DE MOAGEM	11042900 - GRAOS DE OUTROS CEREAIS,DESCASCADOS,EM PEROLAS,ETC.	459	1.822	5.501	9.034	6.655	10.629	1.419	3.851	6.919	11.321	5.896	10.565	3.967	10.246	2.808	6.068	3.620	7.424	5.273	13.596	475	2.287	4.755	10.649	4.902	9.762
CEREAIS, FARINHAS E PREPARAÇÕES	PRODUTOS E SUBPRODUTOS DA INDÚSTRIA DE MOAGEM	DEMAIS PRODUTOS E SUBPRODUTOS DA INDÚSTRIA DE MOAGEM	11043000 - GERMES DE CEREAIS,INTEIROS,ESMAGADOS,EM FLOCOS,MOIDOS	456	511	26	253	67	254	251	326	9	77	51	498	32	271	9.647	3.475	12	81	9.046	2.619	32	255	29	155	38	220
CEREAIS, FARINHAS E PREPARAÇÕES	PRODUTOS E SUBPRODUTOS DA INDÚSTRIA DE MOAGEM	DEMAIS PRODUTOS E SUBPRODUTOS DA INDÚSTRIA DE MOAGEM	11081900 - OUTROS AMIDOS E FECULAS	430	870	2.747	3.623	21.117	20.932	537	1.093	20.208	20.490	3.472	3.332	638	502	1.625	1.695	281	1.373	40.796	46.856	60.005	66.205	60.517	30.108	80.508	87.527
CEREAIS, FARINHAS E PREPARAÇÕES	PRODUTOS E SUBPRODUTOS DA INDÚSTRIA DE MOAGEM	DEMAIS PRODUTOS E SUBPRODUTOS DA INDÚSTRIA DE MOAGEM	23024000 - SEMEAS,FARELOS E OUTROS RESIDUOS,DE OUTROS CEREAIS	12.000	9.000	83.005	16.523	88.080	24.578	40.000	14.883	341.030	133.804	116.275	96.186	90.010	64.152	50.008	68.992	32.820	45.899	75.300	106.346	75.000	110.280	129.000	183.714	54.000	11.346
CEREAIS, FARINHAS E PREPARAÇÕES	PRODUTOS E SUBPRODUTOS DA INDÚSTRIA DE MOAGEM	DEMAIS PRODUTOS E SUBPRODUTOS DA INDÚSTRIA DE MOAGEM	23031000 - RESIDUOS DA FABRICACAO DO AMIDO E RESIDUOS SEMELHANTES			28.286	21.422	17.122	17.285	25.643	17.268	23.919	19.995	46.448	45.175	3	58	6.816	6.740	36.580	6.931	49.490	18.303	6.065	4.216	83.860	16.934		
CEREAIS, FARINHAS E PREPARAÇÕES	PRODUTOS E SUBPRODUTOS DA INDÚSTRIA DE MOAGEM	EXTRATO DE MALTE	19019010 - EXTRATO DE MALTE	63.705	124.962	58.037	100.952	50.903	89.581	97.817	130.819	41.308	82.860	104.419	211.949	109.334	196.662	52.307	88.155	156.045	200.769	274.454	394.479	137.033	220.577	96.245	164.946	35.004	65.434
CEREAIS, FARINHAS E PREPARAÇÕES	PRODUTOS E SUBPRODUTOS DA INDÚSTRIA DE MOAGEM	FARELO, SÊMEAS E OUTROS RESÍDUOS  DE TRIGO	23023010 - FARELO DE TRIGO	50	30			1.050	437					2.400	1.190	3.000	895	601	148			5.340	4.612	1.800	583	81.324	15.276	1	3
CEREAIS, FARINHAS E PREPARAÇÕES	PRODUTOS E SUBPRODUTOS DA INDÚSTRIA DE MOAGEM	FARELO, SÊMEAS E OUTROS RESÍDUOS  DE TRIGO	23023090 - SEMEAS E OUTROS RESIDUOS,DE TRIGO					9	10			30.000	4.800					15	18			30	35	15.000	3.000	13.750	2.750		
CEREAIS, FARINHAS E PREPARAÇÕES	PRODUTOS E SUBPRODUTOS DA INDÚSTRIA DE MOAGEM	FARINHA DE MILHO	11022000 - FARINHA DE MILHO	1.707.623	517.212	4.277.408	1.606.378	18.904.557	6.460.955	6.216.928	2.383.043	18.984.051	9.212.286	11.572.828	4.969.486	4.016.927	2.071.186	11.031.770	4.910.846	3.789.643	2.012.495	1.636.581	914.187	5.170.778	1.925.558	5.433.749	2.338.137	1.061.140	463.773
CEREAIS, FARINHAS E PREPARAÇÕES	PRODUTOS E SUBPRODUTOS DA INDÚSTRIA DE MOAGEM	FARINHA DE MILHO	11031300 - GRUMOS E SEMOLAS,DE MILHO	2.063.950	700.624	2.697.376	1.249.819	5.361.138	2.535.101	2.575.808	1.248.549	617.531	270.284	805.101	351.324	922.227	406.319	364.432	179.655	1.099.770	527.743	669.446	325.021	964.961	480.548	1.741.811	660.259	295.239	156.893
CEREAIS, FARINHAS E PREPARAÇÕES	PRODUTOS E SUBPRODUTOS DA INDÚSTRIA DE MOAGEM	FARINHA DE TRIGO	11010010 - FARINHA DE TRIGO	3.413.699	1.718.800	4.712.960	2.372.549	3.521.268	1.779.873	4.529.963	2.289.665	2.869.476	1.531.198	5.466.078	2.953.455	5.942.181	3.369.334	2.654.742	1.598.144	1.898.793	1.127.710	336.321	211.887	480.630	268.360	8.828.712	4.711.983	1.480.553	743.906
CEREAIS, FARINHAS E PREPARAÇÕES	PRODUTOS E SUBPRODUTOS DA INDÚSTRIA DE MOAGEM	FARINHA DE TRIGO	11010020 - FARINHA DE MISTURA DE TRIGO COM CENTEIO	116	197	218	230	498	579	1.025	1.002	340	328	475	592	155	128	563	621	200	218	300	317	603	625	292	298	222	221
CEREAIS, FARINHAS E PREPARAÇÕES	PRODUTOS E SUBPRODUTOS DA INDÚSTRIA DE MOAGEM	FARINHA DE TRIGO	11031100 - GRUMOS E SEMOLAS,DE TRIGO	24.569	32.015	21.520	31.498	9.654	13.879	7.281	11.619	14.915	20.889	6.931	9.846	13.547	19.604	17.152	23.075	13.236	19.493	17.467	24.194	16.272	22.083	36.775	54.097	8.768	12.091
CEREAIS, FARINHAS E PREPARAÇÕES	PRODUTOS E SUBPRODUTOS DA INDÚSTRIA DE MOAGEM	GLUTEN DE TRIGO	11090000 - GLUTEN DE TRIGO,MESMO SECO													20	121												
CEREAIS, FARINHAS E PREPARAÇÕES	PRODUTOS E SUBPRODUTOS DA INDÚSTRIA DE MOAGEM	MALTE	11071010 - MALTE NAO TORRADO,INTEIRO OU PARTIDO	231.230	107.356	643.940	321.936	286.420	181.106			136.300	126.041	278.000	190.006	2.241.025	1.421.597	3.101.590	1.954.213	10.336.740	2.708.894	310.190	242.467	104.000	84.324	117.000	125.893	130.000	105.510
CEREAIS, FARINHAS E PREPARAÇÕES	PRODUTOS E SUBPRODUTOS DA INDÚSTRIA DE MOAGEM	MALTE	11072010 - MALTE TORRADO,INTEIRO OU PARTIDO	750	1.194			425	621							275	377					12.075	20.888	5.500	10.868	12.000	40.481		
CEREAIS, FARINHAS E PREPARAÇÕES	PRODUTOS E SUBPRODUTOS DA INDÚSTRIA DE MOAGEM	SEMEAS, FARELOS E OUTROS RESÍDUOS DE MILHO	23021000 - SEMEAS,FARELOS E OUTROS RESIDUOS,DE MILHO	54.013	38.276	70.005	72.174	46.250	51.378	25.001	19.186	35.008	28.068	51.500	42.879	14.743	4.972	274.205	319.425	4	29	263.852	262.386	50.000	37.382	75.022	56.198	581.132	646.743
COMPLEXO SOJA	FARELO DE SOJA	FARELO DE SOJA	12081000 - FARINHA DE SOJA	23.087	39.019	8.030	13.574	24.625	44.180	29.156	49.283	26.021	43.977	10.539	18.513	3.034	3.480	44.634	74.762	28.231	36.856	13.724	23.830	1.681	2.117	14.151	23.079	18.242	31.960
COMPLEXO SOJA	FARELO DE SOJA	FARELO DE SOJA	23040010 - FARINHAS E 'PELLETS',DA EXTRACAO DO OLEO DE SOJA	204.386.822	90.113.857	155.614.956	67.759.431	230.607.887	89.505.170	264.308.539	128.983.489	429.825.924	172.608.985	263.619.491	98.637.504	380.085.441	161.188.574	390.630.010	155.058.039	213.970.095	98.819.710	303.534.852	127.261.874	204.818.797	95.540.736	322.061.403	135.561.045	352.500.556	169.783.316
COMPLEXO SOJA	FARELO DE SOJA	FARELO DE SOJA	23040090 - BAGACOS E OUTS.RESIDUOS SOLIDOS,DA EXTR.DO OLEO DE SOJA	820.491.061	359.434.720	884.611.098	397.991.297	954.041.708	427.590.840	1.126.701.823	501.378.817	1.335.351.201	570.912.850	1.440.783.775	630.712.836	1.554.580.176	687.516.288	1.154.196.532	495.949.099	1.084.877.049	463.588.368	1.015.229.417	420.737.501	1.066.923.439	425.369.090	1.347.874.329	540.524.586	1.102.262.067	465.392.664
COMPLEXO SOJA	OLEO DE SOJA	DEMAIS OLEOS DE SOJA	15079090 - OUTROS OLEOS DE SOJA	153	366	495	827	6.998	26.091	280	312	58.870	38.289	198	362	15.778	22.084	445	712	0	67	530	610	15.580	21.833	4	113	5	501
COMPLEXO SOJA	OLEO DE SOJA	OLEO DE SOJA EM BRUTO	15071000 - OLEO DE SOJA,EM BRUTO,MESMO DEGOMADO	51.695	107.995	70.282.246	66.940.894	102.282.007	95.906.693	194.722.709	208.543.559	156.938.928	183.689.263	153.673.376	184.672.039	98.455.601	115.549.205	140.050.375	165.910.397	116.027.453	138.149.924	137.163.661	177.026.402	156.303.381	213.241.103	136.085.287	183.186.309	141.393.445	191.525.475
COMPLEXO SOJA	OLEO DE SOJA	OLEO DE SOJA REFINADO	15079011 - OLEO DE SOJA,REFINADO,EM RECIPIENTES COM CAPACIDADE<=5L	8.285.047	10.943.833	13.910.009	20.461.357	15.696.603	21.552.317	14.059.460	20.577.290	16.534.463	25.819.676	13.782.038	22.020.729	15.712.193	24.435.296	14.827.614	22.918.502	14.224.127	23.047.700	11.278.361	18.213.855	14.575.226	23.801.883	10.569.569	16.911.359	10.613.182	17.205.121
COMPLEXO SOJA	OLEO DE SOJA	OLEO DE SOJA REFINADO	15079019 - OLEO DE SOJA,REFINADO,EM RECIPIENTES COM CAPACIDADE>5L	143.578	159.948	62.286	78.497	23.140	33.408	103.084	134.950	7.540.928	10.531.616	1.391.608	1.957.401	7.715.355	9.249.692	7.942.319	10.264.785	204.352	256.399	22.755	41.940	109.038	157.789	57.861	86.204	50.718	93.653
COMPLEXO SOJA	SOJA EM GRÃOS	SOJA EM GRÃOS	12019000 - SOJA, MESMO TRITURADA, EXCETO PARA SEMEADURA	49.498.339	23.266.515	2.645.991.911	1.036.130.963	12.693.891.970	5.045.797.587	16.114.935.917	6.665.535.574	14.966.211.428	6.707.870.129	11.066.507.007	5.173.933.719	8.668.959.255	3.983.043.384	6.480.708.140	3.140.967.377	4.822.522.988	2.453.625.241	3.292.698.971	1.719.101.382	2.587.026.013	1.320.997.259	2.711.451.851	1.358.653.383	2.451.973.309	1.240.874.546
COMPLEXO SUCROALCOOLEIRO	AÇÚCAR DE CANA OU BETERRABA	AÇÚCAR DE BETERRABA EM BRUTO	17011200 - ACUCAR DE BETERRABA,EM BRUTO	507	531	354	286	733	528	352	248	397	317	319	257	373	345	878	707	437	396	619	519	585	536	529	562	418	462
COMPLEXO SUCROALCOOLEIRO	AÇÚCAR DE CANA OU BETERRABA	AÇÚCAR DE CANA EM BRUTO	17011300 - ACUCAR DE CANA MENCIONADO NA NOTA 2 DA SUBPOSIÇAO 1701	145	590	112.840	52.157	100.203	192.301	124.805	211.860	61.425	46.994	82.670	124.983	89.043	128.023	13.180	7.768	2.160	4.857	86.237	172.324	82.640	165.076	14.932	30.012	15.214	11.357
COMPLEXO SUCROALCOOLEIRO	AÇÚCAR DE CANA OU BETERRABA	AÇÚCAR DE CANA EM BRUTO	17011400 - OUTROS ACUCARES DE CANA	1.752.454.277	520.545.980	1.455.419.822	453.858.303	1.675.279.908	533.446.507	1.436.535.479	465.851.770	2.265.562.667	728.841.668	2.515.170.272	832.150.408	2.222.606.826	731.124.554	2.251.290.975	757.551.131	2.319.567.427	770.767.930	2.086.714.220	739.238.331	2.360.178.128	810.666.353	1.654.867.162	611.364.576	1.103.682.815	417.068.000
COMPLEXO SUCROALCOOLEIRO	AÇÚCAR DE CANA OU BETERRABA	AÇÚCAR REFINADO	17019100 - OUTROS ACUCARES DE CANA,BETERRABA,COM AROMATIZ.CORANTE	243.410	108.502	1.921	2.483	128.429	60.922	7.222	11.915	351.901	175.813	7.043	7.757	1.960	2.220	2.593	3.654	18.277	51.678	155.159	87.330	44.643	62.505	152.527	79.373	2.403	3.595
COMPLEXO SUCROALCOOLEIRO	AÇÚCAR DE CANA OU BETERRABA	AÇÚCAR REFINADO	17019900 - OUTS.ACUCARES DE CANA,BETERRABA,SACAROSE QUIM.PURA,SOL.	246.267.171	88.129.437	366.574.167	133.598.454	292.373.720	104.902.677	349.860.736	122.277.840	214.451.733	80.457.438	222.767.891	85.792.241	243.433.965	93.308.578	293.039.681	112.705.106	223.155.965	84.980.099	221.381.218	88.383.375	299.270.593	118.626.229	284.765.475	116.041.100	243.171.767	101.357.009
COMPLEXO SUCROALCOOLEIRO	ÁLCOOL	ÁLCOOL ETÍLICO	22071010 - ALCOOL ETILICO N/DESNATURADO C/TEOR AGUA <= 1% VOL	54.462.739	32.693.119	28.327.837	17.515.311	12.209.809	9.364.455	13.471.495	8.612.841	38.565.753	26.623.427	80.818.372	55.165.268	62.558.143	45.292.559	31.664.950	19.605.079	25.434.356	22.671.241	46.600.963	41.093.129	22.689.242	22.179.406	67.982.608	61.252.170	32.334.704	27.807.243
COMPLEXO SUCROALCOOLEIRO	ÁLCOOL	ÁLCOOL ETÍLICO	22071090 - OUTROS ALCOOL ETILICO N/DESNATURADO	96.342.710	52.684.071	95.532.760	52.613.300	140.020.261	79.271.630	71.074.430	43.755.854	12.936.095	10.265.015	152.650.526	100.855.512	103.293.056	67.343.931	35.154.803	23.611.432	129.724.325	93.634.504	83.559.117	57.077.491	62.138.247	46.177.786	89.587.008	67.091.293	49.945.131	40.060.583
COMPLEXO SUCROALCOOLEIRO	ÁLCOOL	ÁLCOOL ETÍLICO	22072011 - ALCOOL ETILICO C/ TEOR AGUA <= 1% VOLUME							30	111			3	8	106	286							32	48				
COMPLEXO SUCROALCOOLEIRO	ÁLCOOL	ÁLCOOL ETÍLICO	22072019 - OUTROS ALCOOL ETILICO DESNATURADO	659.886	569.539	627.251	531.328	533.053	462.729	193.452	167.117	722.130	607.025	239.945	199.644	727.905	626.172	401.496	346.366	519.248	440.679	177.158	166.430	333.341	306.965	285.321	265.713	207.299	202.445
COMPLEXO SUCROALCOOLEIRO	DEMAIS AÇÚCARES	DEMAIS AÇÚCARES	17021100 - LACTOSE E XAROPE DE LACTOSE,PESO>=99% DE LACTOSE,ETC.	468	954	404	669	430	487	3.077	7.301	361	456	541	713	850	369	305	1.178	409	545	1.896	8.838	3.853	16.118	306	392	171	154
COMPLEXO SUCROALCOOLEIRO	DEMAIS AÇÚCARES	DEMAIS AÇÚCARES	17021900 - OUTRAS LACTOSES E XAROPES DE LACTOSE	45	36	233	10.435	731	28.987	155	2.655	48	33	729	4.117	71	50	181	97	4	10	29	12	235	194	95	57	343	151
COMPLEXO SUCROALCOOLEIRO	DEMAIS AÇÚCARES	DEMAIS AÇÚCARES	17022000 - ACUCAR E XAROPE,DE BORDO (ACER)	878	752	182	151	367	309	121	199	712	466	174	169	1.168	1.135	409	409	485	2.810	528	2.119	425	425	244	231	428	462
COMPLEXO SUCROALCOOLEIRO	DEMAIS AÇÚCARES	DEMAIS AÇÚCARES	17023011 - GLICOSE QUIMICAMENTE PURA	25.000	17.950					25.000	17.930	3.750	2.250	25.000	20.100			10.050	18.207			26	220	25.000	19.389				
COMPLEXO SUCROALCOOLEIRO	DEMAIS AÇÚCARES	DEMAIS AÇÚCARES	17023019 - OUTRAS GLICOSES CONTEND.ESTADO SECO,PESO<20% DE FRUTOSE	79.503	30.451	209.065	100.023	55.002	33.056	27.500	13.125	75.005	53.240	42.255	19.330	75.778	56.174	19.500	16.575	115.384	94.179	60.003	29.677	53.702	29.540	49.500	25.540	8.753	4.497
COMPLEXO SUCROALCOOLEIRO	DEMAIS AÇÚCARES	DEMAIS AÇÚCARES	17023020 - XAROPE DE GLICOSE CONT.ESTADO SECO,PESO<20% DE FRUTOSE	2.816.320	928.114	1.444.989	463.268	1.577.670	515.374	2.008.406	696.771	1.632.681	600.847	2.552.399	891.596	2.036.350	854.726	2.083.345	828.858	2.248.180	886.030	2.190.015	870.119	2.150.138	850.780	2.710.180	1.147.548	1.803.699	744.390
COMPLEXO SUCROALCOOLEIRO	DEMAIS AÇÚCARES	DEMAIS AÇÚCARES	17024010 - GLICOSE CONTENDO ESTADO SECO,20%<=PESO<50% DE FRUTOSE																	19	126								
COMPLEXO SUCROALCOOLEIRO	DEMAIS AÇÚCARES	DEMAIS AÇÚCARES	17024020 - XAROPE DE GLICOSE,CONT.ESTADO SECO,20%<=P<50% FRUTOSE	4	13	216	392	346	270	238	391			22	39							90	422	9	30				
COMPLEXO SUCROALCOOLEIRO	DEMAIS AÇÚCARES	DEMAIS AÇÚCARES	17025000 - FRUTOSE QUIMICAMENTE PURA			18	225			12.225	21.154					24	296	72.000	50.997			523	2.313			23.000	18.549		
COMPLEXO SUCROALCOOLEIRO	DEMAIS AÇÚCARES	DEMAIS AÇÚCARES	17026020 - XAROPE DE FRUTOSE,CONT.NO ESTADO SECO,P>50% DE FRUTOSE																	6	11	22	34					1	54
COMPLEXO SUCROALCOOLEIRO	DEMAIS AÇÚCARES	DEMAIS AÇÚCARES	17029000 - OUTROS ACUCARES,XAROPES DE ACUCARES,SUCEDAN.DO MEL,ETC.	906.719	466.835	360.770	315.481	692.470	538.826	305.632	295.501	554.037	553.075	12.483.170	3.632.457	491.952	474.578	780.551	545.465	841.090	529.912	427.676	384.892	300.184	185.315	1.038.958	739.897	842.968	575.999
COMPLEXO SUCROALCOOLEIRO	DEMAIS AÇÚCARES	MELAÇOS	17031000 - MELACOS DE CANA	615	1.424	122.848	30.975	15.109	8.016	27.219	12.138	502	1.301	781	2.454	714	3.248	1.325	2.878	2.921	5.273	29.094	18.937	372	1.186	405	990	345	617
COMPLEXO SUCROALCOOLEIRO	DEMAIS AÇÚCARES	MELAÇOS	17039000 - OUTROS MELACOS DA EXTRACAO OU REFINACAO DO ACUCAR	625	760	852	1.195	257	192	881	1.538	373	293	2.889	1.846	1.037	1.569	177	376	332	368	100	111	285	193	472	340	331	189
DEMAIS PRODUTOS DE ORIGEM VEGETAL	DEMAIS ÁLCOOIS	DEMAIS ÁLCOOIS	29054300 - MANITOL	205.500	407.419	495.025	928.230	232.000	441.375	41.500	82.219	242.000	555.729	247.223	563.840	351.000	756.858	231.000	473.886	134.550	269.991	132.000	254.178	108.000	230.092	347.350	774.258	540.732	1.323.368
DEMAIS PRODUTOS DE ORIGEM VEGETAL	DEMAIS ÁLCOOIS	DEMAIS ÁLCOOIS	29054400 - D-GLUCITOL (SORBITOL) (POLIALCOOL)	95.830	59.742	13.650	13.389	12.480	10.407	26.600	21.814	53.560	47.815	46.300	37.677	120.420	99.011	64.800	46.359	60.900	58.326	199.080	149.473	126.260	108.108	277.900	200.432	413.154	345.853
DEMAIS PRODUTOS DE ORIGEM VEGETAL	ENZIMAS E SEUS CONCENTRADOS	ENZIMAS E SEUS CONCENTRADOS	35079011 - ALFA-AMILASE (ASPERGILLUS ORYZAE)	900	5.266	500	1.400	300	840	700	4.748					1.200	11.124	1.100	3.080	501	4.393	200	2.530	200	560	700	5.900	600	1.680
DEMAIS PRODUTOS DE ORIGEM VEGETAL	ENZIMAS E SEUS CONCENTRADOS	ENZIMAS E SEUS CONCENTRADOS	35079019 - OUTRAS AMILASES E SEUS CONCENTRADOS	5.415	25.684	7.250	27.903	7.891	43.379	372	21.973	1.188	21.139	2.713	11.808	3.941	50.647	4.615	17.072	9.260	272.795	21.325	114.821	52.391	365.970	15.418	112.831	16.564	87.281
DEMAIS PRODUTOS DE ORIGEM VEGETAL	ENZIMAS E SEUS CONCENTRADOS	ENZIMAS E SEUS CONCENTRADOS	35079022 - BROMELINA			3	180					1	83					2	168					0	38	7	1.037		
DEMAIS PRODUTOS DE ORIGEM VEGETAL	ENZIMAS E SEUS CONCENTRADOS	ENZIMAS E SEUS CONCENTRADOS	35079026 - PAPAINA	1.162	28.493	1.819	28.367	1.146	3.503	1.681	34.212	1.503	3.986	1.184	17.317	1.518	33.047	1.290	18.404	1.555	27.775	1.354	3.524	144	1.442	1.312	2.764	908	2.241
DEMAIS PRODUTOS DE ORIGEM VEGETAL	ENZIMAS E SEUS CONCENTRADOS	ENZIMAS E SEUS CONCENTRADOS	35079029 - OUTRAS PROTEASES E SEUS CONCENTRADOS	23.349	129.265	21.159	246.103	24.062	370.492	4.876	72.574	97.690	1.201.749	13.216	152.282	23.770	388.884	93.375	613.972	92.772	785.529	69.885	762.350	25.510	268.841	32.966	451.712	12.052	201.282
DEMAIS PRODUTOS DE ORIGEM VEGETAL	ENZIMAS E SEUS CONCENTRADOS	ENZIMAS E SEUS CONCENTRADOS	35079039 - OUTRAS ENZIMAS E SEUS CONCENTRADOS	11.408	31.166	13.000	157.157	31.847	130.224	9.723	694.166	11.307	603.799	15.886	218.951	3.223	316.593	6.545	373.522	1.391	727.544	18.087	345.991	6.760	68.345	9.189	159.788	12.889	111.652
DEMAIS PRODUTOS DE ORIGEM VEGETAL	ENZIMAS E SEUS CONCENTRADOS	ENZIMAS E SEUS CONCENTRADOS	35079041 - ENZIMAS PREPARADAS A BASE DE CELULASES	13.800	65.768	7.250	37.425	19.480	100.702	7.112	64.587	5.850	33.825	14.914	64.240	14.400	86.722	13.335	67.005	22.345	114.739	40.601	655.270	18.120	87.634	25.230	113.900	30.500	132.025
DEMAIS PRODUTOS DE ORIGEM VEGETAL	ENZIMAS E SEUS CONCENTRADOS	ENZIMAS E SEUS CONCENTRADOS	35079042 - ENZIMAS PREPARADAS A BASE DE TRANSGLUTAMINASE	1.300	33.137	2.070	66.962	1.100	20.242	1.600	37.881	2.650	61.635	2.910	71.190	760	29.072	4.401	141.513	5.957	144.414	657	20.339	9.262	312.431	4.000	148.717	7.100	218.224
DEMAIS PRODUTOS DE ORIGEM VEGETAL	ENZIMAS E SEUS CONCENTRADOS	ENZIMAS E SEUS CONCENTRADOS	35079049 - OUTRAS ENZIMAS PREPARADAS	345.234	2.634.177	403.427	3.104.221	387.669	2.647.178	354.308	2.780.977	328.215	2.971.467	415.385	3.225.863	353.155	2.882.484	442.917	3.841.721	391.240	3.467.946	391.031	3.041.754	515.953	4.338.514	471.206	3.703.275	391.149	3.952.318
DEMAIS PRODUTOS DE ORIGEM VEGETAL	EXTRATOS TANANTES E TINTORIAIS,  TANINOS E SEUS DERIVADOS,  MAT. CORANTES DE ORIG. VEG.	EXTRATOS TANANTES DE ORIGEM VEGETAL, TANINOS E SEUS DERIVADOS	32012000 - EXTRATO TANANTE,DE MIMOSA	2.079.145	3.239.651	2.221.970	3.354.605	1.581.625	2.589.720	1.815.140	2.980.143	1.489.900	2.391.065	1.779.650	2.865.804	1.846.261	2.991.974	1.199.443	1.949.721	1.634.720	2.681.604	1.869.590	3.031.959	1.813.200	2.961.981	1.910.920	3.136.540	993.820	1.685.948
DEMAIS PRODUTOS DE ORIGEM VEGETAL	EXTRATOS TANANTES E TINTORIAIS,  TANINOS E SEUS DERIVADOS,  MAT. CORANTES DE ORIG. VEG.	EXTRATOS TANANTES DE ORIGEM VEGETAL, TANINOS E SEUS DERIVADOS	32019012 - EXTRATO TANANTE,DE CARVALHO OU DE CASTANHEIRO							170	907			204	1.215														
DEMAIS PRODUTOS DE ORIGEM VEGETAL	EXTRATOS TANANTES E TINTORIAIS,  TANINOS E SEUS DERIVADOS,  MAT. CORANTES DE ORIG. VEG.	EXTRATOS TANANTES DE ORIGEM VEGETAL, TANINOS E SEUS DERIVADOS	32019019 - OUTROS EXTRATOS TANANTES,DE ORIGEM VEGETAL															11.000	49.500	36	500					1.000	6.090		
DEMAIS PRODUTOS DE ORIGEM VEGETAL	EXTRATOS TANANTES E TINTORIAIS,  TANINOS E SEUS DERIVADOS,  MAT. CORANTES DE ORIG. VEG.	EXTRATOS TANANTES DE ORIGEM VEGETAL, TANINOS E SEUS DERIVADOS	32019020 - TANINOS	720	37.513	2.987	129.533	7.221	358.564	2.165	56.549	13.756	421.838	8.410	398.321	3.257	18.025	10.500	324.692	11.600	26.129	8.124	37.345	24.375	445.022	2.235	123.319	2.920	8.077
DEMAIS PRODUTOS DE ORIGEM VEGETAL	EXTRATOS TANANTES E TINTORIAIS,  TANINOS E SEUS DERIVADOS,  MAT. CORANTES DE ORIG. VEG.	EXTRATOS TANANTES DE ORIGEM VEGETAL, TANINOS E SEUS DERIVADOS	32019090 - SAIS,ETERES,ESTERES E OUTROS DERIVADOS DOS TANINOS	166.750	254.241	151.405	233.720	200.000	292.985	280.800	481.516	218.650	362.176	260.460	419.927	185.400	339.468	233.404	385.915	237.405	424.379	367.100	650.184	171.450	333.492	260.400	456.356	38.400	52.741
DEMAIS PRODUTOS DE ORIGEM VEGETAL	EXTRATOS TANANTES E TINTORIAIS,  TANINOS E SEUS DERIVADOS,  MAT. CORANTES DE ORIG. VEG.	MATERIAS CORANTES DE ORIGEM VEGETAL	32030011 - HEMATEINA (MATERIA CORANTE)																							30	2.558	45	3.879
DEMAIS PRODUTOS DE ORIGEM VEGETAL	EXTRATOS TANANTES E TINTORIAIS,  TANINOS E SEUS DERIVADOS,  MAT. CORANTES DE ORIG. VEG.	MATERIAS CORANTES DE ORIGEM VEGETAL	32030019 - OUTRAS MATERIAS CORANTES,DE ORIGEM VEGETAL	45.438	185.700	20.729	133.927	28.235	279.779	45.933	224.140	60.747	344.597	76.313	364.997	5.635	50.731	29.139	286.988	29.702	127.340	69.744	282.271	26.933	176.094	45.723	351.806	84.634	557.415
DEMAIS PRODUTOS DE ORIGEM VEGETAL	EXTRATOS TANANTES E TINTORIAIS,  TANINOS E SEUS DERIVADOS,  MAT. CORANTES DE ORIG. VEG.	MATERIAS CORANTES DE ORIGEM VEGETAL	32030021 - CARMIM DE COCHONILHA (MATERIA CORANTE)	8.280	94.540	8.670	73.316	9.363	69.818	8.128	109.013	4.559	42.635	14.680	111.537	310	7.189	1.247	11.758	6.690	44.724	6.235	45.486	6.889	118.874	770	11.093	1.500	14.419
DEMAIS PRODUTOS DE ORIGEM VEGETAL	EXTRATOS TANANTES E TINTORIAIS,  TANINOS E SEUS DERIVADOS,  MAT. CORANTES DE ORIG. VEG.	MATERIAS CORANTES DE ORIGEM VEGETAL	32030030 - PREPARS.A BASE DE MATERIAS CORANTES,ORIG.VEGETAL/ANIMAL	21.756	139.711	24.484	129.461	20.669	98.104	39.245	240.173	66.602	344.320	16.342	135.342	6.890	41.132	18.418	145.227	24.215	153.142	21.504	182.719	6.547	59.412	20.504	99.118	980	21.008
DEMAIS PRODUTOS DE ORIGEM VEGETAL	GOMAS, RESINAS E DEMAIS SUCOS E EXTRATOS VEGETAIS	GOMAS E RESINAS	13012000 - GOMA-ARABICA	2.000	4.560	20	576	141	1.665	330	7.005	350	3.749	25	835	210	2.972	110	2.530	230	2.850	246	4.101	565	4.794	395	3.240	540	11.752
DEMAIS PRODUTOS DE ORIGEM VEGETAL	GOMAS, RESINAS E DEMAIS SUCOS E EXTRATOS VEGETAIS	GOMAS E RESINAS	13019010 - GOMA-LACA							24.000	87.440	1.000	4.000	7.000	27.831	16.000	60.175	31.000	115.976			1.000	4.000			17.000	67.450	6.000	24.000
DEMAIS PRODUTOS DE ORIGEM VEGETAL	GOMAS, RESINAS E DEMAIS SUCOS E EXTRATOS VEGETAIS	GOMAS E RESINAS	13019090 - OUTS GOMAS,RES.,GOMA-RESINAS,BÁLSAMOS NAT.	3.358.225	3.105.348	2.108.573	2.196.309	4.208.600	4.263.252	3.785.139	4.439.942	2.816.450	3.524.915	3.390.343	4.419.423	2.903.884	4.389.455	1.659.412	2.657.225	1.844.508	2.692.784	1.709.432	2.471.372	1.787.573	2.415.465	2.032.344	2.824.089	2.335.707	3.612.815
DEMAIS PRODUTOS DE ORIGEM VEGETAL	GOMAS, RESINAS E DEMAIS SUCOS E EXTRATOS VEGETAIS	MATÉRIAS PÉCTICAS, PECTINATOS E PECTATOS	13022090 - OUTRAS MATERIAS PECTICAS,PECTINATOS E PECTATOS					3.200	44.806	5.005	62.143	2.700	33.588	2.505	31.143	5.100	63.336	800	9.952	5.005	62.243	5.000	62.200	10	85	205	2.315	5.005	62.243
DEMAIS PRODUTOS DE ORIGEM VEGETAL	GOMAS, RESINAS E DEMAIS SUCOS E EXTRATOS VEGETAIS	PRODUTOS MUCILAGINOSOS E ESPESSANTES	13023100 - AGAR-AGAR			23	294	1	54	2.001	35.656			5	405			15	57	4	344	5	270	1	84			1	88
DEMAIS PRODUTOS DE ORIGEM VEGETAL	GOMAS, RESINAS E DEMAIS SUCOS E EXTRATOS VEGETAIS	PRODUTOS MUCILAGINOSOS E ESPESSANTES	13023211 - FARINHA DE ENDOSPERMA																			2	56						
DEMAIS PRODUTOS DE ORIGEM VEGETAL	GOMAS, RESINAS E DEMAIS SUCOS E EXTRATOS VEGETAIS	PRODUTOS MUCILAGINOSOS E ESPESSANTES	13023220 - PRODS.MUCILAGINOSOS E ESPESSANTES,DE SEMENTES DE GUARE	1.525	5.786	1.101	13.496	7.000	29.136	3.000	9.613	2.128	9.781	2.550	17.046	1.525	13.060	150	3.121			50	435	1.200	5.651			16.075	91.951
DEMAIS PRODUTOS DE ORIGEM VEGETAL	GOMAS, RESINAS E DEMAIS SUCOS E EXTRATOS VEGETAIS	PRODUTOS MUCILAGINOSOS E ESPESSANTES	13023910 - PRODS.MUCILAGINOSOS E ESPESSANTES,DE CARRAGENINA	1.000	774	3.050	19.590			5.000	26.400					75	6.166	5.000	26.400	12.500	76.250	5.100	33.900	22.502	137.251			200	1.280
DEMAIS PRODUTOS DE ORIGEM VEGETAL	GOMAS, RESINAS E DEMAIS SUCOS E EXTRATOS VEGETAIS	PRODUTOS MUCILAGINOSOS E ESPESSANTES	13023990 - PRODS.MUCILAGINOSOS E ESPESSANTES,DERIV.OUTROS VEGETAIS	90	358	11.586	80.761	6.212	49.483	22.732	180.889	13.980	111.721	13.063	109.361	2.704	21.785	36.800	234.792	10.738	89.211	19.668	132.539	16.964	112.941	7.442	69.205	23.792	133.572
DEMAIS PRODUTOS DE ORIGEM VEGETAL	GOMAS, RESINAS E DEMAIS SUCOS E EXTRATOS VEGETAIS	SUCOS E EXTRATOS VEGETAIS	13021190 - OUTROS SUCOS E EXTRATOS VEGETAIS,DE OPIO					299	6.661			21	51													5	84		
DEMAIS PRODUTOS DE ORIGEM VEGETAL	GOMAS, RESINAS E DEMAIS SUCOS E EXTRATOS VEGETAIS	SUCOS E EXTRATOS VEGETAIS	13021200 - SUCOS E EXTRATOS,DE ALCACUZ			3	1.033	1	930	1	3.205					1	1.008					0	1.000			47	5.560	0	1.098
DEMAIS PRODUTOS DE ORIGEM VEGETAL	GOMAS, RESINAS E DEMAIS SUCOS E EXTRATOS VEGETAIS	SUCOS E EXTRATOS VEGETAIS	13021300 - SUCOS E EXTRATOS,DE LUPULO							1.460	57.794	1.300	52.244							440	28.600					1.320	78.558	1.800	54.700
DEMAIS PRODUTOS DE ORIGEM VEGETAL	GOMAS, RESINAS E DEMAIS SUCOS E EXTRATOS VEGETAIS	SUCOS E EXTRATOS VEGETAIS	13021400 - SUCOS E EXTRATOS,DE PIRETRO OU DE RAIZES C/ROTENONA							0	1																		
DEMAIS PRODUTOS DE ORIGEM VEGETAL	GOMAS, RESINAS E DEMAIS SUCOS E EXTRATOS VEGETAIS	SUCOS E EXTRATOS VEGETAIS	13021910 - SUCOS E EXTRATOS,DE MAMAO ('CARICA PAPAYA'),SECO	347	326	445	454	924	855	817	627	492	528	250	214	355	328	451	493	349	371	276	274	410	363	327	256	474	512
DEMAIS PRODUTOS DE ORIGEM VEGETAL	GOMAS, RESINAS E DEMAIS SUCOS E EXTRATOS VEGETAIS	SUCOS E EXTRATOS VEGETAIS	13021920 - SUCOS E EXTRATOS,DE SEMENTE DE POMELO ('GRAPEFRUIT')									17	84			5	33	5	11					7	37				
DEMAIS PRODUTOS DE ORIGEM VEGETAL	GOMAS, RESINAS E DEMAIS SUCOS E EXTRATOS VEGETAIS	SUCOS E EXTRATOS VEGETAIS	13021930 - SUCOS E EXTRATOS DE GINKGO BILOBA SECO					18	484											6	160					2	52		
DEMAIS PRODUTOS DE ORIGEM VEGETAL	GOMAS, RESINAS E DEMAIS SUCOS E EXTRATOS VEGETAIS	SUCOS E EXTRATOS VEGETAIS	13021950 - SUCOS E EXTRATOS,DE 'GINSENG'	102	1.206					150	4.814	300	9.627			165	4.901					68	1.260			100	2.235	242	5.379
DEMAIS PRODUTOS DE ORIGEM VEGETAL	GOMAS, RESINAS E DEMAIS SUCOS E EXTRATOS VEGETAIS	SUCOS E EXTRATOS VEGETAIS	13021960 - SUCOS E EXTRATOS,SILIMARINA					0	9											6	360								
DEMAIS PRODUTOS DE ORIGEM VEGETAL	GOMAS, RESINAS E DEMAIS SUCOS E EXTRATOS VEGETAIS	SUCOS E EXTRATOS VEGETAIS	13021991 - SUC.EXTRAT.DE PIRETRO,RAÍZES,CONT.ROTENONA	33	6.783	12	2.520	21	4.305	33	6.909			24	5.040	12	2.520	19	3.906	25	5.250	29	6.132	28	5.381	46	9.660	12	2.520
DEMAIS PRODUTOS DE ORIGEM VEGETAL	GOMAS, RESINAS E DEMAIS SUCOS E EXTRATOS VEGETAIS	SUCOS E EXTRATOS VEGETAIS	13021999 - OUTROS SUCOS E EXTRATOS VEGETAIS	430.153	2.135.158	136.623	1.714.414	283.931	2.606.734	981.284	3.262.133	238.367	3.809.775	566.479	2.612.427	383.661	3.070.426	599.498	3.395.923	615.156	2.465.139	458.061	2.816.175	1.154.624	3.002.783	420.491	2.233.072	598.079	2.232.898
DEMAIS PRODUTOS DE ORIGEM VEGETAL	GOMAS, RESINAS E DEMAIS SUCOS E EXTRATOS VEGETAIS	SUCOS E EXTRATOS VEGETAIS	13022010 - MATERIAS PECTICAS (PECTINAS)	603.133	6.113.328	372.978	3.347.304	724.335	6.659.476	424.683	4.013.017	898.856	7.538.580	823.959	6.763.910	434.037	4.021.341	486.390	4.247.948	876.588	7.606.658	886.254	7.842.766	554.327	4.537.149	733.109	6.589.208	547.977	4.975.552
DEMAIS PRODUTOS DE ORIGEM VEGETAL	OLEOS ESSENCIAIS	DEMAIS OLEOS ESSENCIAIS	33011210 - OLEO ESSENCIAL,DE 'PETIT GRAIN' DE LARANJA			10	564	13.426	97.401	14.104	126.699	20	1.175			5	283	10	894	14	1.688	10	937			90	5.719		
DEMAIS PRODUTOS DE ORIGEM VEGETAL	OLEOS ESSENCIAIS	DEMAIS OLEOS ESSENCIAIS	33011300 - OLEO ESSENCIAL,DE LIMAO	66.853	131.403	60.725	767.809	79.899	1.115.115	98.349	2.029.036	84.453	1.313.752	89.181	1.549.618	65.292	1.391.514	76.748	1.703.777	61.352	996.642	125.485	2.053.388	59.046	1.013.206	171.792	2.702.284	44.624	853.293
DEMAIS PRODUTOS DE ORIGEM VEGETAL	OLEOS ESSENCIAIS	DEMAIS OLEOS ESSENCIAIS	33011910 - ÓLEOS ESSENCIAIS DE LIMA	5.575	103.961	6.350	220.645	3.133	98.286	42.685	926.365	13.410	334.250	10.044	223.580	8.093	232.332	5.729	177.644	34.485	900.106	5.253	229.960	42.448	1.220.624	2.160	67.019	6.101	179.722
DEMAIS PRODUTOS DE ORIGEM VEGETAL	OLEOS ESSENCIAIS	DEMAIS OLEOS ESSENCIAIS	33011990 - OUTROS ÓLEOS ESSENCIAIS D/CÍTRICOS	1.361	144.569	4.109	324.094	6.816	573.281	9.608	604.479	28.956	1.434.960	19.118	1.013.611	10.406	610.308	21.266	884.172	8.539	545.336	6.734	368.713	2.807	266.363	18.066	911.019	17.534	1.021.959
DEMAIS PRODUTOS DE ORIGEM VEGETAL	OLEOS ESSENCIAIS	DEMAIS OLEOS ESSENCIAIS	33012400 - OLEO ESSENCIAL,DE HORTELA-PIMENTA (MENTHA PIPERITA)	0	15	61	1.548	16	70	3	10			3	12	10	290	58	4.400	2	4	9	29	67	4.139	39	2.132	3	12
DEMAIS PRODUTOS DE ORIGEM VEGETAL	OLEOS ESSENCIAIS	DEMAIS OLEOS ESSENCIAIS	33012510 - OLEO ESSENCIAL,DE MENTA JAPONESA (MENTHA ARVENSIS)			25	998	565	13.260	83	2.741	25	745	194	8.405	205	6.209	1.230	58.460	183	6.262	103	2.940	3	22	3	23	2	12
DEMAIS PRODUTOS DE ORIGEM VEGETAL	OLEOS ESSENCIAIS	DEMAIS OLEOS ESSENCIAIS	33012520 - OLEO ESSENCIAL,DE 'MENTHA SPEARMINT'(MENTHA VIRIDIS L)					0	656			25	1.420			25	1.437					0	76			25	1.466	18	875
DEMAIS PRODUTOS DE ORIGEM VEGETAL	OLEOS ESSENCIAIS	DEMAIS OLEOS ESSENCIAIS	33012590 - OLEO ESSENCIAL,DE OUTRAS MENTAS	2	1.326	13	1.718	32	787	20	487	186	4.047	45	1.212	20	1.107	10	574	50	1.735	2	47			0	258	11	550
DEMAIS PRODUTOS DE ORIGEM VEGETAL	OLEOS ESSENCIAIS	DEMAIS OLEOS ESSENCIAIS	33012911 - OLEO ESSENCIAL,DE CITRONELA	8	165			0	76																				
DEMAIS PRODUTOS DE ORIGEM VEGETAL	OLEOS ESSENCIAIS	DEMAIS OLEOS ESSENCIAIS	33012912 - OLEO ESSENCIAL,DE CEDRO					40	10.946			50	3.071	167	11.673			112	7.001	100	14.016	25	1.543	17	1.048	233	13.290	109	5.814
DEMAIS PRODUTOS DE ORIGEM VEGETAL	OLEOS ESSENCIAIS	DEMAIS OLEOS ESSENCIAIS	33012913 - OLEO ESSENCIAL,DE PAU-SANTO (BULNESIA SARMIENTOL)																									150	3.924
DEMAIS PRODUTOS DE ORIGEM VEGETAL	OLEOS ESSENCIAIS	DEMAIS OLEOS ESSENCIAIS	33012914 - OLEO ESSENCIAL,DE 'LEMONGRASS'	0	36			10	113			5	90													10	846		
DEMAIS PRODUTOS DE ORIGEM VEGETAL	OLEOS ESSENCIAIS	DEMAIS OLEOS ESSENCIAIS	33012915 - OLEO ESSENCIAL,DE PAU-ROSA					540	180.413													180	63.000	540	153.900	180	60.855		
DEMAIS PRODUTOS DE ORIGEM VEGETAL	OLEOS ESSENCIAIS	DEMAIS OLEOS ESSENCIAIS	33012916 - OLEO ESSENCIAL,DE PALMA ROSA					9	4.200					165	49.500	1	94												
DEMAIS PRODUTOS DE ORIGEM VEGETAL	OLEOS ESSENCIAIS	DEMAIS OLEOS ESSENCIAIS	33012917 - OLEO ESSENCIAL,DE CORIANDRO									12	1.148																
DEMAIS PRODUTOS DE ORIGEM VEGETAL	OLEOS ESSENCIAIS	DEMAIS OLEOS ESSENCIAIS	33012919 - OLEO ESSENCIAL,DE EUCALIPTO	16.970	228.779	43.869	636.350	67.522	946.152	80.002	1.152.640	39.990	603.178	55.375	832.671	18.370	257.552	22.740	370.611	58.900	833.370	30.120	405.082	36.552	512.500	59.872	849.630	22.305	313.299
DEMAIS PRODUTOS DE ORIGEM VEGETAL	OLEOS ESSENCIAIS	DEMAIS OLEOS ESSENCIAIS	33012921 - ÓLEOS ESSENCIAIS DE ALFAZEMA OU DE LAVANDA	0	468	10	1.625	5	42	1	92	25	1.055	76	9.747	57	4.874			1	496	8	1.288	33	2.222	100	1.885		
DEMAIS PRODUTOS DE ORIGEM VEGETAL	OLEOS ESSENCIAIS	DEMAIS OLEOS ESSENCIAIS	33012922 - ÓLEOS ESSENCIAIS DE VETIVER	35	24.638			1	208	50	16.824	21	6.368	17	10.875	362	42.291	11	5.163			2	824	34	11.164			19	7.245
DEMAIS PRODUTOS DE ORIGEM VEGETAL	OLEOS ESSENCIAIS	DEMAIS OLEOS ESSENCIAIS	33012990 - OUTROS OLEOS ESSENCIAIS	7.229	526.365	8.330	618.811	7.359	569.323	3.570	327.792	13.250	954.886	4.241	437.141	5.895	726.455	11.899	1.015.587	5.261	467.075	6.351	498.890	7.521	618.665	4.105	380.224	5.541	522.075
DEMAIS PRODUTOS DE ORIGEM VEGETAL	OLEOS ESSENCIAIS	DEMAIS OLEOS ESSENCIAIS	33013000 - RESINOIDES			2	882	3	1.284			1	444	43	15.861	0	178			18	4.718	176	13.931	0	38	8	360		
DEMAIS PRODUTOS DE ORIGEM VEGETAL	OLEOS ESSENCIAIS	DEMAIS OLEOS ESSENCIAIS	33019010 - SOLUCOES CONCENTR.DE OLEOS ESSENCIAIS DO TRATAM.FLORES	552	4.904	1.942	20.459	320	6.859	414	12.533	2.236	29.944	3.104	28.020	925	12.775	1.226	14.774	138	9.636	131	7.033	535	6.315	2.875	42.625	1.222	23.819
DEMAIS PRODUTOS DE ORIGEM VEGETAL	OLEOS ESSENCIAIS	DEMAIS OLEOS ESSENCIAIS	33019020 - SUBPRODS.TERPENICOS RESIDS.DA DESTERP.OLEOS ESSENCIAIS	1.997.123	7.368.017	1.625.479	5.808.345	1.392.390	5.437.443	1.929.796	7.109.975	1.371.580	5.259.538	955.085	3.864.699	915.318	3.607.761	1.080.143	4.113.534	1.251.786	5.252.188	966.775	4.269.415	1.699.244	7.133.269	1.565.294	6.558.607	1.281.000	5.672.916
DEMAIS PRODUTOS DE ORIGEM VEGETAL	OLEOS ESSENCIAIS	DEMAIS OLEOS ESSENCIAIS	33019030 - AGUA DESTILADA AROMAT.E SOL.AQUOSA DE OLEOS ESSENCIAIS	200.223	257.716	180.215	313.856	156.607	353.043	257.185	516.331	235.122	555.425	157.641	334.519	117.346	161.090	32.727	135.023	147.425	312.791	412.317	566.915	157.476	299.466	240.222	348.601	223.765	241.494
DEMAIS PRODUTOS DE ORIGEM VEGETAL	OLEOS ESSENCIAIS	DEMAIS OLEOS ESSENCIAIS	33019040 - OLEORRESINAS DE EXTRACAO	7.092	125.751	62	9.702	20	87	1.528	26.835	439	10.208	24	2.162			271	11.974	5.195	98.460	4.209	196.197	122	13.873	7.139	549.587	3	123
DEMAIS PRODUTOS DE ORIGEM VEGETAL	OLEOS ESSENCIAIS	OLEO ESSENCIAL DE LARANJA	33011290 - OUTROS OLEOS ESSENCIAIS,DE LARANJA	2.286.913	11.219.277	3.013.139	16.607.810	2.726.383	15.659.394	2.618.798	15.837.875	1.913.565	11.969.602	1.431.583	9.805.286	949.681	6.069.235	1.434.587	9.281.361	2.034.880	12.282.466	2.008.979	13.170.925	3.305.634	21.990.269	2.670.245	18.852.604	2.770.903	19.788.911
DEMAIS PRODUTOS DE ORIGEM VEGETAL	OUTROS PRODUTOS DE ORIGEM VEGETAL	OUTROS PRODUTOS DE ORIGEM VEGETAL	12122100 - ALGAS PROPRIAS PARA A ALIMENTACAO HUMANA	39.029	157.462	40	539	1.713	8.576	19.013	94.738	20	638	20.002	86.856	20.017	87.459	30.004	133.440	41	1.310	19.013	89.264	40.025	174.674	26.319	113.426	37	1.332
DEMAIS PRODUTOS DE ORIGEM VEGETAL	OUTROS PRODUTOS DE ORIGEM VEGETAL	OUTROS PRODUTOS DE ORIGEM VEGETAL	12122900 - OUTRAS ALGAS,FRESCAS, REFRIGERADAS, CONGELADAS OU SECAS	792.004	188.183	1.680.005	296.405	576.009	121.740	693.600	117.074	633.200	117.515	2.059.200	443.108	1.408.808	291.401	563.818	149.510	820.823	186.335	746.401	141.870	75.401	25.033	265.000	64.580	100.025	18.832
DEMAIS PRODUTOS DE ORIGEM VEGETAL	OUTROS PRODUTOS DE ORIGEM VEGETAL	OUTROS PRODUTOS DE ORIGEM VEGETAL	12129300 - CANA-DE-ACUCAR, FRESCA,REGRIGERADA,CONGELADA OU SECA	275	345	301	428	268	194	260	330	90	176	49.615	26.475	26.554	14.226	225.112	504.923	175	180			44.906	31.532			44.906	31.186
DEMAIS PRODUTOS DE ORIGEM VEGETAL	OUTROS PRODUTOS DE ORIGEM VEGETAL	OUTROS PRODUTOS DE ORIGEM VEGETAL	12129400 - RAIZES DE CHICORIA,FRESCA,REFRIGERADA,CONGELADA OU SECA	10	13	4	4	10	8							20	28	21	16			35	39						
DEMAIS PRODUTOS DE ORIGEM VEGETAL	OUTROS PRODUTOS DE ORIGEM VEGETAL	OUTROS PRODUTOS DE ORIGEM VEGETAL	12129990 - OUTROS PRODS.VEGETAIS UTIL.PRINCIPALM.NA ALIMENT.HUMANA	86	353	109.427	238.095	42.317	124.940	13.930	194.022	175.333	464.737	326	4.433	37.122	68.950	40.097	108.114	37.100	65.310	2.711	36.467	63.783	148.895	2.323	33.180	25.310	70.009
DEMAIS PRODUTOS DE ORIGEM VEGETAL	OUTROS PRODUTOS DE ORIGEM VEGETAL	OUTROS PRODUTOS DE ORIGEM VEGETAL	12130000 - PALHAS,CASCAS DE CEREAIS,EM BRUTO,MOIDAS,PRENSADAS,ETC.	15.147	58.450	13.260	51.168	9.435	36.408	22.185	85.608	40.609	25.635	4.797	18.512	11.220	43.296	39.743	106.689			99.660	54.176			45.488	28.825	5.440	20.992
DEMAIS PRODUTOS DE ORIGEM VEGETAL	OUTROS PRODUTOS DE ORIGEM VEGETAL	OUTROS PRODUTOS DE ORIGEM VEGETAL	14011000 - BAMBUS PARA CESTARIA OU ESPARTARIA	135	1.099	62	1.684	108	4.729	8	432	29	433	36	1.839	11	294			87	2.671	214	625	209	2.471	16.105	23.239	1	12
DEMAIS PRODUTOS DE ORIGEM VEGETAL	OUTROS PRODUTOS DE ORIGEM VEGETAL	OUTROS PRODUTOS DE ORIGEM VEGETAL	14012000 - ROTINS PARA CESTARIA OU ESPARTARIA															18	432										
DEMAIS PRODUTOS DE ORIGEM VEGETAL	OUTROS PRODUTOS DE ORIGEM VEGETAL	OUTROS PRODUTOS DE ORIGEM VEGETAL	14019000 - OUTRAS MATERIAS VEGETAIS PARA CESTARIA OU ESPARTARIA			58	2.974	56	2.831	5	30			17	801	22	1.419	353	5.014					0	12	8	261		
DEMAIS PRODUTOS DE ORIGEM VEGETAL	OUTROS PRODUTOS DE ORIGEM VEGETAL	OUTROS PRODUTOS DE ORIGEM VEGETAL	14049010 - MATÉRIAS VEGET,P/FABR.DE VASSOURAS/ESCOVAS	9.210	23.025			12.000	32.400	12.660	45.838	11.400	28.890					3.600	12.114	10.000	26.900	0	11			1	27	21.100	56.970
DEMAIS PRODUTOS DE ORIGEM VEGETAL	OUTROS PRODUTOS DE ORIGEM VEGETAL	OUTROS PRODUTOS DE ORIGEM VEGETAL	14049090 - OUTS PRODS.DE ORIGEM VEGETAL, P/ENTRANÇAR	164.406	137.477	228.847	179.032	91.276	70.673	108.795	71.308	207.234	151.329	91.365	68.916	212.691	154.428	134.983	98.673	26.185	16.680	304.862	265.450	74.937	47.832	60.762	45.111	145.716	120.268
DEMAIS PRODUTOS DE ORIGEM VEGETAL	OUTROS PRODUTOS DE ORIGEM VEGETAL	OUTROS PRODUTOS DE ORIGEM VEGETAL	15211000 - CERAS VEGETAIS	1.366.057	8.217.588	1.579.503	10.113.290	1.434.334	9.433.680	1.947.229	11.204.016	1.812.985	10.141.360	1.571.825	9.534.134	1.071.970	5.921.734	1.057.233	6.579.642	1.348.462	7.911.640	1.258.516	7.931.614	1.619.750	9.821.994	2.249.091	13.379.265	1.774.956	11.654.951
DEMAIS PRODUTOS DE ORIGEM VEGETAL	OUTROS PRODUTOS DE ORIGEM VEGETAL	OUTROS PRODUTOS DE ORIGEM VEGETAL	23032000 - POLPAS,BAGACOS E OUTROS DERPERDICIOS DA IND.DO ACUCAR	19.916.925	2.629.034	12.012	11.797	28.000	23.067	18.000	16.072	22.717.173	2.726.319			13.275	13.656			209.900	36.930	1.800.410	306.926	10.000	7.762	12.000	13.680		
DEMAIS PRODUTOS DE ORIGEM VEGETAL	OUTROS PRODUTOS DE ORIGEM VEGETAL	OUTROS PRODUTOS DE ORIGEM VEGETAL	23033000 - BORRAS E DESPERDS.DA IND.DA CERVEJA E DAS DESTILARIAS	35.140	3.061					10	56			24	149	20	1.155												
DEMAIS PRODUTOS DE ORIGEM VEGETAL	OUTROS PRODUTOS DE ORIGEM VEGETAL	OUTROS PRODUTOS DE ORIGEM VEGETAL	23070000 - BORRAS DE VINHO E TARTARO EM BRUTO	46.461	52.000	22.000	37.900	193.855	203.554	21.660	22.743					100.000	88.750	100.000	71.550	50.000	48.750	74.389	82.074	124.030	114.321	74.480	75.636	49.300	49.510
DEMAIS PRODUTOS DE ORIGEM VEGETAL	OUTROS PRODUTOS DE ORIGEM VEGETAL	OUTROS PRODUTOS DE ORIGEM VEGETAL	23080000 - MATERIAS VEGETAIS E DESPERD.DE OUTS.VEGETAIS	29.271.702	9.176.337	9.280.319	7.235.017	7.755.718	5.856.248	6.569.054	4.798.753	5.403.136	4.038.904	2.794.777	2.086.511	2.484.642	1.760.209	6.892.392	5.861.280	9.582.926	8.562.526	15.375.613	6.616.841	6.935.783	5.616.968	11.654.047	10.144.671	28.917.670	11.544.324
DEMAIS PRODUTOS DE ORIGEM VEGETAL	OUTROS PRODUTOS DE ORIGEM VEGETAL	OUTROS PRODUTOS DE ORIGEM VEGETAL	35040020 - PROTEINAS DE SOJA EM PO,TEOR PROTEINA EM BASE SECA>=90%	421.700	1.273.876	409.754	1.191.917	180.100	572.701	196.500	547.833	487.318	1.496.350	334.720	1.070.040	255.595	736.272	433.440	1.340.625	441.753	1.305.568	304.000	976.209	554.460	1.665.271	520.220	1.577.736	498.902	1.803.291
DEMAIS PRODUTOS DE ORIGEM VEGETAL	OUTROS PRODUTOS DE ORIGEM VEGETAL	OUTROS PRODUTOS DE ORIGEM VEGETAL	35051000 - DEXTRINA E OUTROS AMIDOS E FECULAS MODIFICADOS	3.407.276	2.428.034	2.851.214	2.045.977	3.086.562	2.489.353	3.307.727	2.822.389	3.948.302	3.198.335	3.123.672	2.894.685	3.205.966	3.014.176	3.412.620	2.965.822	3.424.998	2.883.535	6.571.666	4.752.868	5.723.914	4.691.645	8.864.313	7.196.603	5.736.883	5.078.100
DEMAIS PRODUTOS DE ORIGEM VEGETAL	OUTROS PRODUTOS DE ORIGEM VEGETAL	OUTROS PRODUTOS DE ORIGEM VEGETAL	35052000 - COLAS A BASE DE AMIDOS OU DE FECULAS,DE DEXTRINA,ETC.	9.940	19.507	12.608	14.826	3.901	1.563	1.102	9.051	8.297	28.474	5.975	20.573	3.273	3.100	100	200	817	4.414	20.250	25.182	15.778	15.664	1.894	3.310	23.275	20.146
DEMAIS PRODUTOS DE ORIGEM VEGETAL	OUTROS PRODUTOS DE ORIGEM VEGETAL	OUTROS PRODUTOS DE ORIGEM VEGETAL	46012100 - ESTEIRAS, CAPACHOS, DIVISÓRIAS, DE BAMBU																			654	6.153			296	2.492	10	194
DEMAIS PRODUTOS DE ORIGEM VEGETAL	OUTROS PRODUTOS DE ORIGEM VEGETAL	OUTROS PRODUTOS DE ORIGEM VEGETAL	46012200 - ESTEIRAS, CAPACHOS, DIVISÓRIAS,DE RATÃ																							15	211		
DEMAIS PRODUTOS DE ORIGEM VEGETAL	OUTROS PRODUTOS DE ORIGEM VEGETAL	OUTROS PRODUTOS DE ORIGEM VEGETAL	46012900 - OUTS.ESTEIRAS,CAPACHOS,DIVIS. D/MAT. VEGETAL			1	1.094			2	20	69	1.701	2	1.272	6	684					16	329					5	59
DEMAIS PRODUTOS DE ORIGEM VEGETAL	OUTROS PRODUTOS DE ORIGEM VEGETAL	OUTROS PRODUTOS DE ORIGEM VEGETAL	46019200 - OUTS. MATÉRIAS P/ENTRANÇAR DE BAMBU	15	312	3	18									43	1.489												
DEMAIS PRODUTOS DE ORIGEM VEGETAL	OUTROS PRODUTOS DE ORIGEM VEGETAL	OUTROS PRODUTOS DE ORIGEM VEGETAL	46019400 - OUTS. MATÉRIAS P/ENTRANÇAR DE MAT.VEGETAIS													7	266			4	252	62	1.401			2	148	3	206
DEMAIS PRODUTOS DE ORIGEM VEGETAL	OUTROS PRODUTOS DE ORIGEM VEGETAL	OUTROS PRODUTOS DE ORIGEM VEGETAL	46021100 - OBRAS D/CESTARIA DE BAMBU	17	551	10	336	216	1.162	233	2.202	56	213	205	1.035	141	1.183	360	1.820	12	419	41	469	12	1.603	147	659	130	2.439
DEMAIS PRODUTOS DE ORIGEM VEGETAL	OUTROS PRODUTOS DE ORIGEM VEGETAL	OUTROS PRODUTOS DE ORIGEM VEGETAL	46021200 - OBRAS D/CESTARIA DE RATÃ	2	90	22	294	25	550	11	364					5	416	2	127	136	1.583	16	393			109	2.118	59	4.741
DEMAIS PRODUTOS DE ORIGEM VEGETAL	OUTROS PRODUTOS DE ORIGEM VEGETAL	OUTROS PRODUTOS DE ORIGEM VEGETAL	46021900 - OUTRAS OBRAS D/CESTARIA D/MATS.VEGETAIS	213	3.463	188	2.066	1.206	26.741	387	10.763	1.812	32.798	157	4.982	1.054	15.186	134	12.258	1.276	7.957	400	9.013	471	48.574	1.039	20.117	1.072	12.531
DEMAIS PRODUTOS DE ORIGEM VEGETAL	OUTROS PRODUTOS DE ORIGEM VEGETAL	OUTROS PRODUTOS DE ORIGEM VEGETAL	48236100 - BANDEJAS,TRAVES.PRAT.XÍC.ETC.DE DE BAMBU	8	227																	96	1.162						
DEMAIS PRODUTOS DE ORIGEM VEGETAL	PLANTAS E PARTES PARA INDÚSTRIA, MEDICINA OU PERFUMARIA	CONES DE LÚPULO E LUPULINA	12102010 - CONES DE LUPULO,TRITURADOS OU MOIDOS,OU EM 'PELLETS'	62	1.334	230	7.543	12	393					310	10.014	58	968			540	19.853	1.910	28.568	310	7.246	80	2.973	1	16
DEMAIS PRODUTOS DE ORIGEM VEGETAL	PLANTAS E PARTES PARA INDÚSTRIA, MEDICINA OU PERFUMARIA	PLANTAS PARA MEDICINA OU PERFUMARIA	12112000 - RAIZES DE 'GINSENG',FRESCAS,SECAS,INCL.CORTAD.TRITUR.PO	1	10	1.546	21.792	50	427	1	7	1.500	20.100	610	9.319	35	365	25	292	1.040	8.198	1	3	225	2.145	339	5.725		
DEMAIS PRODUTOS DE ORIGEM VEGETAL	PLANTAS E PARTES PARA INDÚSTRIA, MEDICINA OU PERFUMARIA	PLANTAS PARA MEDICINA OU PERFUMARIA	12119010 - OREGANO FRESCO OU SECO,P/PERFUMARIA,MEDICINA,ETC.	21	296	17	169	49	496	40	476	24	259	3.057	17.480	44	215	29	316	634	1.886	48	694	1.177	4.569	49	375	104	835
DEMAIS PRODUTOS DE ORIGEM VEGETAL	PLANTAS E PARTES PARA INDÚSTRIA, MEDICINA OU PERFUMARIA	PLANTAS PARA MEDICINA OU PERFUMARIA	12119090 - OUTRAS PLANTAS E PARTES,P/PERFUMARIA,MEDICINA E SEMELHS	35.811	266.476	208.598	1.305.060	144.993	718.170	165.578	1.161.040	246.472	1.437.120	81.031	577.075	52.303	395.818	227.612	1.385.492	107.899	703.190	172.673	1.103.580	62.753	490.763	48.858	460.059	165.675	1.062.949
DEMAIS PRODUTOS DE ORIGEM VEGETAL	PLANTAS E PARTES PARA INDÚSTRIA, MEDICINA OU PERFUMARIA	PLANTAS PARA MEDICINA OU PERFUMARIA	12129910 - STEVIA REBAUDIANA			6.806	17.413			16.431	46.447	15.769	44.398			18.218	51.553									25.044	67.613		
DEMAIS PRODUTOS DE ORIGEM VEGETAL	PRODUTOS DIVERSOS DA INDÚSTRIA QUÍMICA, DE ORIGEM VEGETAL	COLOFONIAS, ÁCIDOS RESÍNICOS E SEUS DERIVADOS	38061000 - COLOFONIAS E ACIDOS RESINICOS	7.525.500	7.760.720	6.939.633	7.678.244	11.304.536	13.632.651	8.621.410	10.826.113	9.605.511	13.113.761	8.550.460	12.764.420	6.600.060	10.558.335	5.290.498	8.844.788	6.471.160	10.592.990	5.888.002	9.914.285	6.930.632	11.871.184	8.872.360	15.856.916	8.317.672	15.223.351
DEMAIS PRODUTOS DE ORIGEM VEGETAL	PRODUTOS DIVERSOS DA INDÚSTRIA QUÍMICA, DE ORIGEM VEGETAL	COLOFONIAS, ÁCIDOS RESÍNICOS E SEUS DERIVADOS	38062000 - SAIS DE COLOFONIAS,ACIDOS RESINICOS OU DE SEUS DERIVS.	9.200	26.112	3.800	9.494					12.000	36.972			5.000	12.022	1.600	3.664			2.400	5.184	2.400	7.080	2.400	5.944		
DEMAIS PRODUTOS DE ORIGEM VEGETAL	PRODUTOS DIVERSOS DA INDÚSTRIA QUÍMICA, DE ORIGEM VEGETAL	COLOFONIAS, ÁCIDOS RESÍNICOS E SEUS DERIVADOS	38063000 - GOMAS ESTERES (GOMAS FUNDIDAS)	85.000	99.749	18.200	15.652	103.200	148.975	19.075	16.405	76.900	132.657	15.575	13.395	54.200	83.860	42.400	94.236	24.400	53.436	7.000	16.810	24.100	51.797	31.200	46.296	48.825	117.188
DEMAIS PRODUTOS DE ORIGEM VEGETAL	PRODUTOS DIVERSOS DA INDÚSTRIA QUÍMICA, DE ORIGEM VEGETAL	COLOFONIAS, ÁCIDOS RESÍNICOS E SEUS DERIVADOS	38069011 - COLOFONIAS OXIDADAS,HIDROGENADAS,DESIDROGENADAS,ETC.	345.900	475.051	665.550	709.199	666.100	876.171	303.412	460.883	463.400	746.999	357.360	611.254	342.770	647.431	159.550	325.936	239.660	469.318	338.281	719.051	493.204	1.004.866	410.221	896.119	415.000	882.807
DEMAIS PRODUTOS DE ORIGEM VEGETAL	PRODUTOS DIVERSOS DA INDÚSTRIA QUÍMICA, DE ORIGEM VEGETAL	COLOFONIAS, ÁCIDOS RESÍNICOS E SEUS DERIVADOS	38069019 - OUTROS DERIVADOS DE COLOFONIAS OU DE ACIDOS RESINICOS	1.391.860	1.727.944	1.222.280	1.651.662	1.327.240	1.857.423	1.570.503	2.432.915	778.425	1.249.928	1.608.953	2.871.828	1.420.178	2.719.676	1.005.470	1.881.710	875.980	1.768.404	1.028.420	2.124.981	982.863	2.099.560	1.585.525	3.361.495	1.373.358	3.028.614
DEMAIS PRODUTOS DE ORIGEM VEGETAL	PRODUTOS DIVERSOS DA INDÚSTRIA QUÍMICA, DE ORIGEM VEGETAL	COLOFONIAS, ÁCIDOS RESÍNICOS E SEUS DERIVADOS	38069090 - OUTRAS ESSENCIAS DE COLOFONIA E OLEOS DE COLOFONIA	102.650	89.434	71.300	255.981	156.100	236.947	93.215	348.803	132.900	473.158	84.477	383.161	36.280	162.389	79.450	299.486	205.925	770.960	32.257	138.361	181.187	414.222	6.300	23.061	23.050	94.392
DEMAIS PRODUTOS DE ORIGEM VEGETAL	PRODUTOS DIVERSOS DA INDÚSTRIA QUÍMICA, DE ORIGEM VEGETAL	DEMAIS PRODUTOS DA INDÚSTRIA QUÍMICA , DE ORIGEM VEGETAL	11082000 - INULINA			5	44			6	41	10	80					10	100	4	40			5	58			1	12
DEMAIS PRODUTOS DE ORIGEM VEGETAL	PRODUTOS DIVERSOS DA INDÚSTRIA QUÍMICA, DE ORIGEM VEGETAL	DEMAIS PRODUTOS DA INDÚSTRIA QUÍMICA , DE ORIGEM VEGETAL	38070000 - ALCATROES DE MADEIRA,OLEOS DE ALCATRAO DE MADEIRA,ETC.	883	3.584	11.236	37.911	18	176	1.818	14.385	1.425	7.867	21.564	13.004	2.720	38.378	520	2.253	6.504	11.428	2.720	38.906	7.048	129.633	17.930	23.077	200	3.178
DEMAIS PRODUTOS DE ORIGEM VEGETAL	PRODUTOS DIVERSOS DA INDÚSTRIA QUÍMICA, DE ORIGEM VEGETAL	DEMAIS PRODUTOS DA INDÚSTRIA QUÍMICA , DE ORIGEM VEGETAL	38091010 - PREPARACOES A BASE DE MATERIAS AMILACEAS P/IND.TEXTIL					216	852	500	398	5	10	3	9	380	1.667	200	1.020	13	47	92	363	18	68	1.110	4.985	200	1.180
DEMAIS PRODUTOS DE ORIGEM VEGETAL	PRODUTOS DIVERSOS DA INDÚSTRIA QUÍMICA, DE ORIGEM VEGETAL	DEMAIS PRODUTOS DA INDÚSTRIA QUÍMICA , DE ORIGEM VEGETAL	38091090 - OUTRAS PREPARACOES A BASE DE MATERIAS AMILACEAS	7.150	7.740	18.525	26.993	3.820	8.012	1.900	2.168	15.050	15.058	11.310	11.985	135	748	2.175	2.664	6.100	4.697	8.550	8.427	1.050	1.726	8.825	14.476		
DEMAIS PRODUTOS DE ORIGEM VEGETAL	PRODUTOS DIVERSOS DA INDÚSTRIA QUÍMICA, DE ORIGEM VEGETAL	ESSÊNCIAS DERIVADAS DE MADEIRA	38051000 - ESSENCIAS DE TEREBINTINA,DE PINHEIRO OU ETC.	1.801.671	4.571.799	1.979.396	5.555.657	2.498.267	7.291.710	2.279.451	7.795.461	2.318.967	8.408.047	2.678.301	10.074.079	1.628.051	6.241.617	1.987.739	7.321.808	2.717.813	9.902.746	2.404.442	8.713.581	1.432.703	5.172.932	1.794.988	6.482.338	2.220.837	7.961.098
DEMAIS PRODUTOS DE ORIGEM VEGETAL	PRODUTOS DIVERSOS DA INDÚSTRIA QUÍMICA, DE ORIGEM VEGETAL	ESSÊNCIAS DERIVADAS DE MADEIRA	38059010 - ÓLEO DE PINHO	180	961	15.480	70.528	9.900	43.576	7.560	41.224	6.840	31.220	1.440	12.096	2.880	12.845	14.500	79.356			7.430	37.460	900	4.694	1.515	12.769	6.540	29.680
DEMAIS PRODUTOS DE ORIGEM VEGETAL	PRODUTOS DIVERSOS DA INDÚSTRIA QUÍMICA, DE ORIGEM VEGETAL	ESSÊNCIAS DERIVADAS DE MADEIRA	38059090 - OUTS.ESSÊNC.TERPÊNICAS D/FAB.D/MAD,PAPEL	242.612	792.260	359.635	1.148.725	365.540	1.358.788	490.130	1.629.109	371.222	1.562.340	292.440	1.194.422	178.286	587.290	246.784	1.060.004	309.950	1.176.117	600.857	2.450.255	329.520	1.318.250	523.535	2.090.615	448.935	1.832.156
DEMAIS PRODUTOS DE ORIGEM VEGETAL	SEMENTES	DEMAIS SEMENTES	12077010 - SEMENTES DE MELAO, PARA SEMEADURA	27	634			31	1.805	60	1.835	159	7.070			277	6.302	42	454	57	1.082	67	185.903	307	7.900	32	7.940	80	275
DEMAIS PRODUTOS DE ORIGEM VEGETAL	SEMENTES	DEMAIS SEMENTES	12077090 - SEMENTES DE MELAO, EXCETO PARA SEMEADURA	70	49	260	193	285	192	150	83	300	260	40	28	100	60	150	109	212	171	20	15	100	71	90	67	135	91
DEMAIS PRODUTOS DE ORIGEM VEGETAL	SEMENTES	DEMAIS SEMENTES	12092100 - SEMENTES DE ALFAFA (LUZERNA),PARA SEMEADURA																									9.600	40.320
DEMAIS PRODUTOS DE ORIGEM VEGETAL	SEMENTES	DEMAIS SEMENTES	12092200 - SEMENTES DE TREVO (TRIFOLIUM SPP),PARA SEMEADURA															4.875	20.963										
DEMAIS PRODUTOS DE ORIGEM VEGETAL	SEMENTES	DEMAIS SEMENTES	12092300 - SEMENTES DE FESTUCA,PARA SEMEADURA	4.000	16.000																	17.400	51.276						
DEMAIS PRODUTOS DE ORIGEM VEGETAL	SEMENTES	DEMAIS SEMENTES	12092500 - SEMENTES DE AZEVEM,PARA SEMEADURA	14.000	48.000									20.300	21.800	72.925	91.208	31.950	36.716	18.680	33.563					100	145		
DEMAIS PRODUTOS DE ORIGEM VEGETAL	SEMENTES	DEMAIS SEMENTES	12092900 - OUTRAS SEMENTES FORRAGEIRAS,PARA SEMEADURA	539.169	2.829.118	950.882	5.479.407	1.211.365	6.560.398	1.073.340	7.489.295	743.358	4.577.195	545.150	3.405.413	487.952	1.927.083	667.086	4.294.851	1.069.917	6.121.989	807.445	5.489.839	721.367	4.274.238	637.314	3.820.636	474.617	3.302.258
DEMAIS PRODUTOS DE ORIGEM VEGETAL	SEMENTES	DEMAIS SEMENTES	12093000 - SEMENTES DE PLANTAS HERBACEAS,CULT.P/FLORES,P/SEMEADURA			2	153	2	112	0	500	0	31	1	1.687	0	2.936	19	7.102	1	76	7	110	3	9.579	2	152	1	76
DEMAIS PRODUTOS DE ORIGEM VEGETAL	SEMENTES	DEMAIS SEMENTES	12099900 - OUTRAS SEMENTES,FRUTOS E ESPOROS,PARA SEMEADURA	13.693	435.946	14.035	679.850	18.689	435.870	455	251.804	1.589	370.901	389	531.300	25.206	129.132	282	358.510	18.906	325.121	228	232.122	624	110.389	1.543	868.347	28.163	955.796
DEMAIS PRODUTOS DE ORIGEM VEGETAL	SEMENTES	SEMENTES DE CEREAIS	10011100 - TRIGO DURO, PARA SEMEADURA							19.200	13.601	73	73					25	25					17	109	0	2		
DEMAIS PRODUTOS DE ORIGEM VEGETAL	SEMENTES	SEMENTES DE CEREAIS	10019100 - OUTR. TRIGOS E MISTURAS DE TRIGO C/ CENTEIO,P/SEMEADURA	47	47			36.000	20.200	2.000	2.556	4.000	2.880																
DEMAIS PRODUTOS DE ORIGEM VEGETAL	SEMENTES	SEMENTES DE CEREAIS	10031000 - CEVADA, PARA SEMEADURA																							20	50		
DEMAIS PRODUTOS DE ORIGEM VEGETAL	SEMENTES	SEMENTES DE CEREAIS	10041000 - AVEIA, PARA SEMEADURA							175.000	136.500	106.240	83.770	11.185	10.409			14	14							200	230		
DEMAIS PRODUTOS DE ORIGEM VEGETAL	SEMENTES	SEMENTES DE CEREAIS	10051000 - MILHO PARA SEMEADURA	1.536.915	5.060.614	1.658.530	6.585.078	2.614.076	7.321.590	1.958.623	4.627.564	391.231	911.275	1.122.786	3.205.116	1.232.220	4.069.683	879.115	2.565.717	793.386	2.184.903	5.499.486	15.698.136	8.208.183	27.276.649	3.382.957	11.683.401	1.076.137	4.196.321
DEMAIS PRODUTOS DE ORIGEM VEGETAL	SEMENTES	SEMENTES DE CEREAIS	10061010 - ARROZ ('PADDY') COM CASCA,PARA SEMEADURA			300	305	12.507	3.162	30.000	50.534	1.250	389	360	668	0	1	1	10	24.056	66.431	2.245	6.256	300	1.175	22.501	72.273	85.576	81.445
DEMAIS PRODUTOS DE ORIGEM VEGETAL	SEMENTES	SEMENTES DE CEREAIS	10071000 - SORGO DE GRAO, PARA SEMEADURA	331	1.042	43.440	35.929	12.159	33.738	355	1.100	1.623	5.946			694	6.274	30.384	50.158	5.000	6.260	19.960	79.002	3	9	20.024	79.246	293.900	403.468
DEMAIS PRODUTOS DE ORIGEM VEGETAL	SEMENTES	SEMENTES DE CEREAIS	10081010 - TRIGO MOURISCO PARA SEMEADURA							30	89																	30	96
DEMAIS PRODUTOS DE ORIGEM VEGETAL	SEMENTES	SEMENTES DE CEREAIS	10085010 - QUINOA (CHENOPODIUM QUINOA), PARA SEMEADURA							2	37	4	35	2	23														
DEMAIS PRODUTOS DE ORIGEM VEGETAL	SEMENTES	SEMENTES DE HORTÍCOLAS, LEGUMINOSAS, RAÍZES E TUBÉRCULOS	07011000 - BATATAS PARA SEMEADURA (BATATA SEMENTE)	2.292	1.868	2.330	1.506	2.407	1.745	1.085	705	4.207	3.311	1.232	930	3.780	3.039	803	574	1.300	947	1.045	570	722	677	1.001	598	966	613
DEMAIS PRODUTOS DE ORIGEM VEGETAL	SEMENTES	SEMENTES DE HORTÍCOLAS, LEGUMINOSAS, RAÍZES E TUBÉRCULOS	07031011 - CEBOLAS PARA SEMEADURA	1.171	891	2.215	1.742	1.497	1.342	903	658	2.088	2.461	1.263	1.108	1.419	1.487	2.114	2.151	1.563	1.193	1.025	685	3.173	2.342	947	837	1.531	1.689
DEMAIS PRODUTOS DE ORIGEM VEGETAL	SEMENTES	SEMENTES DE HORTÍCOLAS, LEGUMINOSAS, RAÍZES E TUBÉRCULOS	07031021 - ECHALOTES PARA SEMEADURA	19	76							7	39			17	78	3	9			8	30						
DEMAIS PRODUTOS DE ORIGEM VEGETAL	SEMENTES	SEMENTES DE HORTÍCOLAS, LEGUMINOSAS, RAÍZES E TUBÉRCULOS	07032010 - ALHO PARA SEMEADURA	391	1.154	581	1.782	1.307	1.869	1.427	3.603	480	1.989	902	3.610	537	2.296	847	3.054	562	2.447	725	2.843	616	2.495	573	2.115	802	2.936
DEMAIS PRODUTOS DE ORIGEM VEGETAL	SEMENTES	SEMENTES DE HORTÍCOLAS, LEGUMINOSAS, RAÍZES E TUBÉRCULOS	07039010 - ALHO-PORRO E OUTS.PRODS.HORTICOLAS ALIACEOS,P/SEMEADURA	493	1.706	777	2.186	1.289	2.654	1.054	2.372	922	1.913	756	1.854	843	2.083	780	1.798	731	1.767	690	1.420	924	1.971	830	1.998	874	2.031
DEMAIS PRODUTOS DE ORIGEM VEGETAL	SEMENTES	SEMENTES DE HORTÍCOLAS, LEGUMINOSAS, RAÍZES E TUBÉRCULOS	07099911 - MILHO DOCE, PARA SEMEADURA	20	9	220	3.370	82	34	32	12	70	43	1.586	11.040	79	66	755	5.263	3.034	14.382	7.622	50.543	1.665	12.778	50	22	30	97
DEMAIS PRODUTOS DE ORIGEM VEGETAL	SEMENTES	SEMENTES DE HORTÍCOLAS, LEGUMINOSAS, RAÍZES E TUBÉRCULOS	07131010 - ERVILHAS (PISUM SATIVUM),SECAS,EM GRAOS,PARA SEMEADURA	3	21					9	126							9	126	50	236			12	150	27	131		
DEMAIS PRODUTOS DE ORIGEM VEGETAL	SEMENTES	SEMENTES DE HORTÍCOLAS, LEGUMINOSAS, RAÍZES E TUBÉRCULOS	07132010 - GRAO-DE-BICO,SECO,PARA SEMEADURA			5	15	15	52					10	33					10	43	12	42	41	98	3	12	10	35
DEMAIS PRODUTOS DE ORIGEM VEGETAL	SEMENTES	SEMENTES DE HORTÍCOLAS, LEGUMINOSAS, RAÍZES E TUBÉRCULOS	07133110 - FEIJOES (VIGNA MUNGO OU RADIATA) SECOS,PARA SEMEADURA	19	98	45	179	23	83	244	500	244	468	91	351	75	212	164	343	86	257	52	159	98	293	65	205	80	320
DEMAIS PRODUTOS DE ORIGEM VEGETAL	SEMENTES	SEMENTES DE HORTÍCOLAS, LEGUMINOSAS, RAÍZES E TUBÉRCULOS	07133210 - FEIJAO ADZUKI,SECO,PARA SEMEADURA																									5	17
DEMAIS PRODUTOS DE ORIGEM VEGETAL	SEMENTES	SEMENTES DE HORTÍCOLAS, LEGUMINOSAS, RAÍZES E TUBÉRCULOS	07133311 - FEIJAO COMUM,PRETO,SECO,PARA SEMEADURA					10	148							2.720	13.282					4.920	11.759			5	21		
DEMAIS PRODUTOS DE ORIGEM VEGETAL	SEMENTES	SEMENTES DE HORTÍCOLAS, LEGUMINOSAS, RAÍZES E TUBÉRCULOS	07133321 - FEIJAO COMUM,BRANCO,SECO,PARA SEMEADURA	63	118	149	289	362	578	375	547	71	135	25.405	20.569	211	539	83	192	67	168	1.028	3.063	107	210	54	116	84	158
DEMAIS PRODUTOS DE ORIGEM VEGETAL	SEMENTES	SEMENTES DE HORTÍCOLAS, LEGUMINOSAS, RAÍZES E TUBÉRCULOS	07133391 - OUTROS FEIJOES COMUNS,SECOS,PARA SEMEADURA																	975	4.777	11.800	39.064						
DEMAIS PRODUTOS DE ORIGEM VEGETAL	SEMENTES	SEMENTES DE HORTÍCOLAS, LEGUMINOSAS, RAÍZES E TUBÉRCULOS	07133410 - FEIJAO-BAMBARA (VIGNA SUBTERRANEA), PARA SEMEADURA																					80.775	236.266				
DEMAIS PRODUTOS DE ORIGEM VEGETAL	SEMENTES	SEMENTES DE HORTÍCOLAS, LEGUMINOSAS, RAÍZES E TUBÉRCULOS	07133510 - FEIJAO-FRADINHO (VIGNA UNGUICULATA), PARA SEMEADURA																					5	8				
DEMAIS PRODUTOS DE ORIGEM VEGETAL	SEMENTES	SEMENTES DE HORTÍCOLAS, LEGUMINOSAS, RAÍZES E TUBÉRCULOS	07134010 - LENTILHAS SECAS,PARA SEMEADURA	8	33	20	89	10	21	30	67	31	131	32	147	45	275	25	136			5	10	17	84	44	149	35	180
DEMAIS PRODUTOS DE ORIGEM VEGETAL	SEMENTES	SEMENTES DE HORTÍCOLAS, LEGUMINOSAS, RAÍZES E TUBÉRCULOS	07135010 - FAVAS E FAVA FORRAGEIRA,SECAS,PARA SEMEADURA	20	57					4	25					15	30			55	339								
DEMAIS PRODUTOS DE ORIGEM VEGETAL	SEMENTES	SEMENTES DE HORTÍCOLAS, LEGUMINOSAS, RAÍZES E TUBÉRCULOS	07136010 - FEIJAO-GUANDO (CAJANUS CAJAN), PARA SEMEADURA					7.000	12.250																				
DEMAIS PRODUTOS DE ORIGEM VEGETAL	SEMENTES	SEMENTES DE HORTÍCOLAS, LEGUMINOSAS, RAÍZES E TUBÉRCULOS	12099100 - SEMENTES DE PRODUTOS HORTICOLAS,PARA SEMEADURA	12.327	738.853	3.528	958.952	34.574	2.737.457	11.137	1.796.886	10.553	1.173.559	8.020	2.201.804	8.365	1.848.595	27.435	1.170.326	6.081	789.622	11.320	1.248.496	14.143	1.222.985	15.123	2.035.379	9.592	1.161.466
DEMAIS PRODUTOS DE ORIGEM VEGETAL	SEMENTES	SEMENTES DE OLEAGINOSAS PARA SEMEADURA	12011000 - SOJA, MESMO TRITURADA, PARA SEMEADURA	561	652	95	69	105	61	555	410	1.136	1.443	16.301	49.803	699.086	541.087	3.468.040	3.600.097	4.661.540	4.867.938	243.300	267.665	113.372	128.258	188.483	350.746	91.167	92.027
DEMAIS PRODUTOS DE ORIGEM VEGETAL	SEMENTES	SEMENTES DE OLEAGINOSAS PARA SEMEADURA	12023000 - AMENDOINS, NAO TORRADOS NEM COZIDOS, PARA SEMEADURA	35	95	8	22	19	52	17	69	48	166	70	172	14	99	150	262	42	136	65	265	7	28	12	60	3	6
DEMAIS PRODUTOS DE ORIGEM VEGETAL	SEMENTES	SEMENTES DE OLEAGINOSAS PARA SEMEADURA	12051010 - SEMENTES DE NABO SILVESTRE,BX.TEOR,P/SEMEAD.					80.000	1.108.800	17.430	138.465																		
DEMAIS PRODUTOS DE ORIGEM VEGETAL	SEMENTES	SEMENTES DE OLEAGINOSAS PARA SEMEADURA	12059010 - OUTS.SEMENTES DE NABO SILVESTRE,P/SEMEADURA																					36	342				
DEMAIS PRODUTOS DE ORIGEM VEGETAL	SEMENTES	SEMENTES DE OLEAGINOSAS PARA SEMEADURA	12060010 - SEMENTES DE GIRASSOL,PARA SEMEADURA	10	28	30	122	9	34					3	10	13.687	107.403			3	15	10	40	1	3			7	41
DEMAIS PRODUTOS DE ORIGEM VEGETAL	SEMENTES	SEMENTES DE OLEAGINOSAS PARA SEMEADURA	12072100 - SEMENTES DE ALGODAO, PARA SEMEADURA					1.900	824	3.900	1.740	1.600	754																
DEMAIS PRODUTOS DE ORIGEM VEGETAL	SEMENTES	SEMENTES DE OLEAGINOSAS PARA SEMEADURA	12073010 - SEMENTES DE RICINO,PARA SEMEADURA					20	1.188							300	4.500	60	364			160	2.880	900	14.400	300	6.000	1.100	17.380
																													
																													
																													
																													
																													
																													
																													
																													
																													
																													
																													
																													
																													
																													
																													
																													
																													
																													
DEMAIS PRODUTOS DE ORIGEM VEGETAL	SEMENTES	SEMENTES DE OLEAGINOSAS PARA SEMEADURA	12079910 - OUTRAS SEMENTES E FRUTOS OLEAGINOSOS,PARA SEMEADURA							18	38.122																		